
         /\      Grafana   /‾‾/  
    /\  /  \     |\  __   /  /   
   /  \/    \    | |/ /  /   ‾‾\ 
  /          \   |   (  |  (‾)  |
 / __________ \  |_|\_\  \_____/ 


     execution: local
        script: perf/scripts/register_voter_k6.js
        output: -

     scenarios: (100.00%) 1 scenario, 200 max VUs, 14m30s max duration (incl. graceful stop):
              * run: Up to 200 looping VUs for 14m0s over 3 stages (gracefulRampDown: 30s, gracefulStop: 30s)


running (00m01.0s), 001/200 VUs, 3 complete and 0 interrupted iterations
run    [   0% ] 001/200 VUs  00m01.0s/14m00.0s

running (00m02.0s), 003/200 VUs, 21 complete and 0 interrupted iterations
run    [   0% ] 003/200 VUs  00m02.0s/14m00.0s

running (00m03.0s), 004/200 VUs, 56 complete and 0 interrupted iterations
run    [   0% ] 004/200 VUs  00m03.0s/14m00.0s

running (00m04.0s), 006/200 VUs, 108 complete and 0 interrupted iterations
run    [   0% ] 006/200 VUs  00m04.0s/14m00.0s

running (00m05.0s), 008/200 VUs, 175 complete and 0 interrupted iterations
run    [   1% ] 008/200 VUs  00m05.0s/14m00.0s

running (00m06.0s), 009/200 VUs, 260 complete and 0 interrupted iterations
run    [   1% ] 009/200 VUs  00m06.0s/14m00.0s

running (00m07.0s), 011/200 VUs, 362 complete and 0 interrupted iterations
run    [   1% ] 011/200 VUs  00m07.0s/14m00.0s

running (00m08.0s), 013/200 VUs, 480 complete and 0 interrupted iterations
run    [   1% ] 013/200 VUs  00m08.0s/14m00.0s

running (00m09.0s), 014/200 VUs, 613 complete and 0 interrupted iterations
run    [   1% ] 014/200 VUs  00m09.0s/14m00.0s

running (00m10.0s), 016/200 VUs, 765 complete and 0 interrupted iterations
run    [   1% ] 016/200 VUs  00m10.0s/14m00.0s

running (00m11.0s), 018/200 VUs, 932 complete and 0 interrupted iterations
run    [   1% ] 018/200 VUs  00m11.0s/14m00.0s

running (00m12.0s), 019/200 VUs, 1117 complete and 0 interrupted iterations
run    [   1% ] 019/200 VUs  00m12.0s/14m00.0s

running (00m13.0s), 021/200 VUs, 1316 complete and 0 interrupted iterations
run    [   2% ] 021/200 VUs  00m13.0s/14m00.0s

running (00m14.0s), 023/200 VUs, 1534 complete and 0 interrupted iterations
run    [   2% ] 023/200 VUs  00m14.0s/14m00.0s

running (00m15.0s), 024/200 VUs, 1769 complete and 0 interrupted iterations
run    [   2% ] 024/200 VUs  00m15.0s/14m00.0s

running (00m16.0s), 026/200 VUs, 2020 complete and 0 interrupted iterations
run    [   2% ] 026/200 VUs  00m16.0s/14m00.0s

running (00m17.0s), 028/200 VUs, 2285 complete and 0 interrupted iterations
run    [   2% ] 028/200 VUs  00m17.0s/14m00.0s

running (00m18.0s), 029/200 VUs, 2569 complete and 0 interrupted iterations
run    [   2% ] 029/200 VUs  00m18.0s/14m00.0s

running (00m19.0s), 031/200 VUs, 2871 complete and 0 interrupted iterations
run    [   2% ] 031/200 VUs  00m19.0s/14m00.0s

running (00m20.0s), 033/200 VUs, 3189 complete and 0 interrupted iterations
run    [   2% ] 033/200 VUs  00m20.0s/14m00.0s

running (00m21.0s), 034/200 VUs, 3523 complete and 0 interrupted iterations
run    [   2% ] 034/200 VUs  00m21.0s/14m00.0s

running (00m22.0s), 036/200 VUs, 3872 complete and 0 interrupted iterations
run    [   3% ] 036/200 VUs  00m22.0s/14m00.0s

running (00m23.0s), 038/200 VUs, 4240 complete and 0 interrupted iterations
run    [   3% ] 038/200 VUs  00m23.0s/14m00.0s

running (00m24.0s), 039/200 VUs, 4625 complete and 0 interrupted iterations
run    [   3% ] 039/200 VUs  00m24.0s/14m00.0s

running (00m25.0s), 041/200 VUs, 5025 complete and 0 interrupted iterations
run    [   3% ] 041/200 VUs  00m25.0s/14m00.0s

running (00m26.0s), 043/200 VUs, 5435 complete and 0 interrupted iterations
run    [   3% ] 043/200 VUs  00m26.0s/14m00.0s

running (00m27.0s), 044/200 VUs, 5870 complete and 0 interrupted iterations
run    [   3% ] 044/200 VUs  00m27.0s/14m00.0s

running (00m28.0s), 046/200 VUs, 6322 complete and 0 interrupted iterations
run    [   3% ] 046/200 VUs  00m28.0s/14m00.0s

running (00m29.0s), 048/200 VUs, 6789 complete and 0 interrupted iterations
run    [   3% ] 048/200 VUs  00m29.0s/14m00.0s

running (00m30.0s), 049/200 VUs, 7274 complete and 0 interrupted iterations
run    [   4% ] 049/200 VUs  00m30.0s/14m00.0s

running (00m31.0s), 051/200 VUs, 7776 complete and 0 interrupted iterations
run    [   4% ] 051/200 VUs  00m31.0s/14m00.0s

running (00m32.0s), 053/200 VUs, 8291 complete and 0 interrupted iterations
run    [   4% ] 053/200 VUs  00m32.0s/14m00.0s

running (00m33.0s), 054/200 VUs, 8826 complete and 0 interrupted iterations
run    [   4% ] 054/200 VUs  00m33.0s/14m00.0s

running (00m34.0s), 056/200 VUs, 9378 complete and 0 interrupted iterations
run    [   4% ] 056/200 VUs  00m34.0s/14m00.0s

running (00m35.0s), 058/200 VUs, 9946 complete and 0 interrupted iterations
run    [   4% ] 058/200 VUs  00m35.0s/14m00.0s

running (00m36.0s), 059/200 VUs, 10529 complete and 0 interrupted iterations
run    [   4% ] 059/200 VUs  00m36.0s/14m00.0s

running (00m37.0s), 061/200 VUs, 11128 complete and 0 interrupted iterations
run    [   4% ] 061/200 VUs  00m37.0s/14m00.0s

running (00m38.0s), 063/200 VUs, 11745 complete and 0 interrupted iterations
run    [   5% ] 063/200 VUs  00m38.0s/14m00.0s

running (00m39.0s), 064/200 VUs, 12380 complete and 0 interrupted iterations
run    [   5% ] 064/200 VUs  00m39.0s/14m00.0s

running (00m40.0s), 066/200 VUs, 13025 complete and 0 interrupted iterations
run    [   5% ] 066/200 VUs  00m40.0s/14m00.0s

running (00m41.0s), 068/200 VUs, 13688 complete and 0 interrupted iterations
run    [   5% ] 068/200 VUs  00m41.0s/14m00.0s

running (00m42.0s), 069/200 VUs, 14369 complete and 0 interrupted iterations
run    [   5% ] 069/200 VUs  00m42.0s/14m00.0s

running (00m43.0s), 071/200 VUs, 15066 complete and 0 interrupted iterations
run    [   5% ] 071/200 VUs  00m43.0s/14m00.0s

running (00m44.0s), 073/200 VUs, 15784 complete and 0 interrupted iterations
run    [   5% ] 073/200 VUs  00m44.0s/14m00.0s

running (00m45.0s), 074/200 VUs, 16519 complete and 0 interrupted iterations
run    [   5% ] 074/200 VUs  00m45.0s/14m00.0s

running (00m46.0s), 076/200 VUs, 17271 complete and 0 interrupted iterations
run    [   5% ] 076/200 VUs  00m46.0s/14m00.0s

running (00m47.0s), 078/200 VUs, 18039 complete and 0 interrupted iterations
run    [   6% ] 078/200 VUs  00m47.0s/14m00.0s

running (00m48.0s), 079/200 VUs, 18824 complete and 0 interrupted iterations
run    [   6% ] 079/200 VUs  00m48.0s/14m00.0s

running (00m49.0s), 081/200 VUs, 19622 complete and 0 interrupted iterations
run    [   6% ] 081/200 VUs  00m49.0s/14m00.0s

running (00m50.0s), 083/200 VUs, 20426 complete and 0 interrupted iterations
run    [   6% ] 083/200 VUs  00m50.0s/14m00.0s

running (00m51.0s), 084/200 VUs, 21260 complete and 0 interrupted iterations
run    [   6% ] 084/200 VUs  00m51.0s/14m00.0s

running (00m52.0s), 086/200 VUs, 22112 complete and 0 interrupted iterations
run    [   6% ] 086/200 VUs  00m52.0s/14m00.0s

running (00m53.0s), 088/200 VUs, 22980 complete and 0 interrupted iterations
run    [   6% ] 088/200 VUs  00m53.0s/14m00.0s

running (00m54.0s), 089/200 VUs, 23862 complete and 0 interrupted iterations
run    [   6% ] 089/200 VUs  00m54.0s/14m00.0s

running (00m55.0s), 091/200 VUs, 24763 complete and 0 interrupted iterations
run    [   7% ] 091/200 VUs  00m55.0s/14m00.0s

running (00m56.0s), 093/200 VUs, 25676 complete and 0 interrupted iterations
run    [   7% ] 093/200 VUs  00m56.0s/14m00.0s

running (00m57.0s), 094/200 VUs, 26610 complete and 0 interrupted iterations
run    [   7% ] 094/200 VUs  00m57.0s/14m00.0s

running (00m58.0s), 096/200 VUs, 27559 complete and 0 interrupted iterations
run    [   7% ] 096/200 VUs  00m58.0s/14m00.0s

running (00m59.0s), 098/200 VUs, 28527 complete and 0 interrupted iterations
run    [   7% ] 098/200 VUs  00m59.0s/14m00.0s

running (01m00.0s), 099/200 VUs, 29512 complete and 0 interrupted iterations
run    [   7% ] 099/200 VUs  01m00.0s/14m00.0s

running (01m01.0s), 101/200 VUs, 30514 complete and 0 interrupted iterations
run    [   7% ] 101/200 VUs  01m01.0s/14m00.0s

running (01m02.0s), 103/200 VUs, 31531 complete and 0 interrupted iterations
run    [   7% ] 103/200 VUs  01m02.0s/14m00.0s

running (01m03.0s), 104/200 VUs, 32561 complete and 0 interrupted iterations
run    [   7% ] 104/200 VUs  01m03.0s/14m00.0s

running (01m04.0s), 106/200 VUs, 33599 complete and 0 interrupted iterations
run    [   8% ] 106/200 VUs  01m04.0s/14m00.0s

running (01m05.0s), 108/200 VUs, 34664 complete and 0 interrupted iterations
run    [   8% ] 108/200 VUs  01m05.0s/14m00.0s

running (01m06.0s), 109/200 VUs, 35744 complete and 0 interrupted iterations
run    [   8% ] 109/200 VUs  01m06.0s/14m00.0s

running (01m07.0s), 111/200 VUs, 36839 complete and 0 interrupted iterations
run    [   8% ] 111/200 VUs  01m07.0s/14m00.0s

running (01m08.0s), 113/200 VUs, 37951 complete and 0 interrupted iterations
run    [   8% ] 113/200 VUs  01m08.0s/14m00.0s

running (01m09.0s), 114/200 VUs, 39085 complete and 0 interrupted iterations
run    [   8% ] 114/200 VUs  01m09.0s/14m00.0s

running (01m10.0s), 116/200 VUs, 40233 complete and 0 interrupted iterations
run    [   8% ] 116/200 VUs  01m10.0s/14m00.0s

running (01m11.0s), 118/200 VUs, 41399 complete and 0 interrupted iterations
run    [   8% ] 118/200 VUs  01m11.0s/14m00.0s

running (01m12.0s), 119/200 VUs, 42583 complete and 0 interrupted iterations
run    [   9% ] 119/200 VUs  01m12.0s/14m00.0s

running (01m13.0s), 121/200 VUs, 43782 complete and 0 interrupted iterations
run    [   9% ] 121/200 VUs  01m13.0s/14m00.0s

running (01m14.0s), 123/200 VUs, 45000 complete and 0 interrupted iterations
run    [   9% ] 123/200 VUs  01m14.0s/14m00.0s

running (01m15.0s), 124/200 VUs, 46224 complete and 0 interrupted iterations
run    [   9% ] 124/200 VUs  01m15.0s/14m00.0s

running (01m16.0s), 126/200 VUs, 47466 complete and 0 interrupted iterations
run    [   9% ] 126/200 VUs  01m16.0s/14m00.0s

running (01m17.0s), 128/200 VUs, 48729 complete and 0 interrupted iterations
run    [   9% ] 128/200 VUs  01m17.0s/14m00.0s

running (01m18.0s), 129/200 VUs, 50008 complete and 0 interrupted iterations
run    [   9% ] 129/200 VUs  01m18.0s/14m00.0s

running (01m19.0s), 131/200 VUs, 51297 complete and 0 interrupted iterations
run    [   9% ] 131/200 VUs  01m19.0s/14m00.0s

running (01m20.0s), 133/200 VUs, 52608 complete and 0 interrupted iterations
run    [  10% ] 133/200 VUs  01m20.0s/14m00.0s

running (01m21.0s), 134/200 VUs, 53941 complete and 0 interrupted iterations
run    [  10% ] 134/200 VUs  01m21.0s/14m00.0s

running (01m22.0s), 136/200 VUs, 55293 complete and 0 interrupted iterations
run    [  10% ] 136/200 VUs  01m22.0s/14m00.0s

running (01m23.0s), 138/200 VUs, 56661 complete and 0 interrupted iterations
run    [  10% ] 138/200 VUs  01m23.0s/14m00.0s

running (01m24.0s), 139/200 VUs, 58046 complete and 0 interrupted iterations
run    [  10% ] 139/200 VUs  01m24.0s/14m00.0s

running (01m25.0s), 141/200 VUs, 59444 complete and 0 interrupted iterations
run    [  10% ] 141/200 VUs  01m25.0s/14m00.0s

running (01m26.0s), 143/200 VUs, 60845 complete and 0 interrupted iterations
run    [  10% ] 143/200 VUs  01m26.0s/14m00.0s

running (01m27.0s), 144/200 VUs, 62249 complete and 0 interrupted iterations
run    [  10% ] 144/200 VUs  01m27.0s/14m00.0s

running (01m28.0s), 146/200 VUs, 63700 complete and 0 interrupted iterations
run    [  10% ] 146/200 VUs  01m28.0s/14m00.0s

running (01m29.0s), 148/200 VUs, 65144 complete and 0 interrupted iterations
run    [  11% ] 148/200 VUs  01m29.0s/14m00.0s

running (01m30.0s), 149/200 VUs, 66629 complete and 0 interrupted iterations
run    [  11% ] 149/200 VUs  01m30.0s/14m00.0s

running (01m31.0s), 151/200 VUs, 68131 complete and 0 interrupted iterations
run    [  11% ] 151/200 VUs  01m31.0s/14m00.0s

running (01m32.0s), 153/200 VUs, 69649 complete and 0 interrupted iterations
run    [  11% ] 153/200 VUs  01m32.0s/14m00.0s

running (01m33.0s), 154/200 VUs, 71174 complete and 0 interrupted iterations
run    [  11% ] 154/200 VUs  01m33.0s/14m00.0s

running (01m34.0s), 156/200 VUs, 72714 complete and 0 interrupted iterations
run    [  11% ] 156/200 VUs  01m34.0s/14m00.0s

running (01m35.0s), 158/200 VUs, 74280 complete and 0 interrupted iterations
run    [  11% ] 158/200 VUs  01m35.0s/14m00.0s

running (01m36.0s), 159/200 VUs, 75862 complete and 0 interrupted iterations
run    [  11% ] 159/200 VUs  01m36.0s/14m00.0s

running (01m37.0s), 161/200 VUs, 77442 complete and 0 interrupted iterations
run    [  12% ] 161/200 VUs  01m37.0s/14m00.0s

running (01m38.0s), 163/200 VUs, 79060 complete and 0 interrupted iterations
run    [  12% ] 163/200 VUs  01m38.0s/14m00.0s

running (01m39.0s), 164/200 VUs, 80695 complete and 0 interrupted iterations
run    [  12% ] 164/200 VUs  01m39.0s/14m00.0s

running (01m40.0s), 166/200 VUs, 82347 complete and 0 interrupted iterations
run    [  12% ] 166/200 VUs  01m40.0s/14m00.0s

running (01m41.0s), 168/200 VUs, 84015 complete and 0 interrupted iterations
run    [  12% ] 168/200 VUs  01m41.0s/14m00.0s

running (01m42.0s), 169/200 VUs, 85663 complete and 0 interrupted iterations
run    [  12% ] 169/200 VUs  01m42.0s/14m00.0s

running (01m43.0s), 171/200 VUs, 87365 complete and 0 interrupted iterations
run    [  12% ] 171/200 VUs  01m43.0s/14m00.0s

running (01m44.0s), 173/200 VUs, 89083 complete and 0 interrupted iterations
run    [  12% ] 173/200 VUs  01m44.0s/14m00.0s

running (01m45.0s), 174/200 VUs, 90818 complete and 0 interrupted iterations
run    [  12% ] 174/200 VUs  01m45.0s/14m00.0s

running (01m46.0s), 176/200 VUs, 92570 complete and 0 interrupted iterations
run    [  13% ] 176/200 VUs  01m46.0s/14m00.0s

running (01m47.0s), 178/200 VUs, 94338 complete and 0 interrupted iterations
run    [  13% ] 178/200 VUs  01m47.0s/14m00.0s

running (01m48.0s), 179/200 VUs, 96102 complete and 0 interrupted iterations
run    [  13% ] 179/200 VUs  01m48.0s/14m00.0s

running (01m49.0s), 181/200 VUs, 97886 complete and 0 interrupted iterations
run    [  13% ] 181/200 VUs  01m49.0s/14m00.0s

running (01m50.0s), 183/200 VUs, 99694 complete and 0 interrupted iterations
run    [  13% ] 183/200 VUs  01m50.0s/14m00.0s

running (01m51.0s), 184/200 VUs, 101529 complete and 0 interrupted iterations
run    [  13% ] 184/200 VUs  01m51.0s/14m00.0s

running (01m52.0s), 186/200 VUs, 103367 complete and 0 interrupted iterations
run    [  13% ] 186/200 VUs  01m52.0s/14m00.0s

running (01m53.0s), 188/200 VUs, 105234 complete and 0 interrupted iterations
run    [  13% ] 188/200 VUs  01m53.0s/14m00.0s

running (01m54.0s), 189/200 VUs, 107116 complete and 0 interrupted iterations
run    [  14% ] 189/200 VUs  01m54.0s/14m00.0s

running (01m55.0s), 191/200 VUs, 109010 complete and 0 interrupted iterations
run    [  14% ] 191/200 VUs  01m55.0s/14m00.0s

running (01m56.0s), 193/200 VUs, 110920 complete and 0 interrupted iterations
run    [  14% ] 193/200 VUs  01m56.0s/14m00.0s

running (01m57.0s), 194/200 VUs, 112850 complete and 0 interrupted iterations
run    [  14% ] 194/200 VUs  01m57.0s/14m00.0s

running (01m58.0s), 196/200 VUs, 114796 complete and 0 interrupted iterations
run    [  14% ] 196/200 VUs  01m58.0s/14m00.0s

running (01m59.0s), 198/200 VUs, 116749 complete and 0 interrupted iterations
run    [  14% ] 198/200 VUs  01m59.0s/14m00.0s

running (02m00.0s), 199/200 VUs, 118734 complete and 0 interrupted iterations
run    [  14% ] 199/200 VUs  02m00.0s/14m00.0s

running (02m01.0s), 200/200 VUs, 120713 complete and 0 interrupted iterations
run    [  14% ] 200/200 VUs  02m01.0s/14m00.0s

running (02m02.0s), 200/200 VUs, 122709 complete and 0 interrupted iterations
run    [  15% ] 200/200 VUs  02m02.0s/14m00.0s

running (02m03.0s), 200/200 VUs, 124709 complete and 0 interrupted iterations
run    [  15% ] 200/200 VUs  02m03.0s/14m00.0s

running (02m04.0s), 200/200 VUs, 126694 complete and 0 interrupted iterations
run    [  15% ] 200/200 VUs  02m04.0s/14m00.0s

running (02m05.0s), 200/200 VUs, 128669 complete and 0 interrupted iterations
run    [  15% ] 200/200 VUs  02m05.0s/14m00.0s

running (02m06.0s), 200/200 VUs, 130669 complete and 0 interrupted iterations
run    [  15% ] 200/200 VUs  02m06.0s/14m00.0s

running (02m07.0s), 200/200 VUs, 132669 complete and 0 interrupted iterations
run    [  15% ] 200/200 VUs  02m07.0s/14m00.0s

running (02m08.0s), 200/200 VUs, 134669 complete and 0 interrupted iterations
run    [  15% ] 200/200 VUs  02m08.0s/14m00.0s

running (02m09.0s), 200/200 VUs, 136646 complete and 0 interrupted iterations
run    [  15% ] 200/200 VUs  02m09.0s/14m00.0s

running (02m10.0s), 200/200 VUs, 138637 complete and 0 interrupted iterations
run    [  15% ] 200/200 VUs  02m10.0s/14m00.0s

running (02m11.0s), 200/200 VUs, 140637 complete and 0 interrupted iterations
run    [  16% ] 200/200 VUs  02m11.0s/14m00.0s

running (02m12.0s), 200/200 VUs, 142629 complete and 0 interrupted iterations
run    [  16% ] 200/200 VUs  02m12.0s/14m00.0s

running (02m13.0s), 200/200 VUs, 144615 complete and 0 interrupted iterations
run    [  16% ] 200/200 VUs  02m13.0s/14m00.0s

running (02m14.0s), 200/200 VUs, 146604 complete and 0 interrupted iterations
run    [  16% ] 200/200 VUs  02m14.0s/14m00.0s

running (02m15.0s), 200/200 VUs, 148601 complete and 0 interrupted iterations
run    [  16% ] 200/200 VUs  02m15.0s/14m00.0s

running (02m16.0s), 200/200 VUs, 150562 complete and 0 interrupted iterations
run    [  16% ] 200/200 VUs  02m16.0s/14m00.0s

running (02m17.0s), 200/200 VUs, 152532 complete and 0 interrupted iterations
run    [  16% ] 200/200 VUs  02m17.0s/14m00.0s

running (02m18.0s), 200/200 VUs, 154518 complete and 0 interrupted iterations
run    [  16% ] 200/200 VUs  02m18.0s/14m00.0s

running (02m19.0s), 200/200 VUs, 156517 complete and 0 interrupted iterations
run    [  17% ] 200/200 VUs  02m19.0s/14m00.0s

running (02m20.0s), 200/200 VUs, 158496 complete and 0 interrupted iterations
run    [  17% ] 200/200 VUs  02m20.0s/14m00.0s

running (02m21.0s), 200/200 VUs, 160480 complete and 0 interrupted iterations
run    [  17% ] 200/200 VUs  02m21.0s/14m00.0s

running (02m22.0s), 200/200 VUs, 162480 complete and 0 interrupted iterations
run    [  17% ] 200/200 VUs  02m22.0s/14m00.0s

running (02m23.0s), 200/200 VUs, 164472 complete and 0 interrupted iterations
run    [  17% ] 200/200 VUs  02m23.0s/14m00.0s

running (02m24.0s), 200/200 VUs, 166470 complete and 0 interrupted iterations
run    [  17% ] 200/200 VUs  02m24.0s/14m00.0s

running (02m25.0s), 200/200 VUs, 168470 complete and 0 interrupted iterations
run    [  17% ] 200/200 VUs  02m25.0s/14m00.0s

running (02m26.0s), 200/200 VUs, 170469 complete and 0 interrupted iterations
run    [  17% ] 200/200 VUs  02m26.0s/14m00.0s

running (02m27.0s), 200/200 VUs, 172469 complete and 0 interrupted iterations
run    [  17% ] 200/200 VUs  02m27.0s/14m00.0s

running (02m28.0s), 200/200 VUs, 174469 complete and 0 interrupted iterations
run    [  18% ] 200/200 VUs  02m28.0s/14m00.0s

running (02m29.0s), 200/200 VUs, 176469 complete and 0 interrupted iterations
run    [  18% ] 200/200 VUs  02m29.0s/14m00.0s

running (02m30.0s), 200/200 VUs, 178463 complete and 0 interrupted iterations
run    [  18% ] 200/200 VUs  02m30.0s/14m00.0s

running (02m31.0s), 200/200 VUs, 180451 complete and 0 interrupted iterations
run    [  18% ] 200/200 VUs  02m31.0s/14m00.0s

running (02m32.0s), 200/200 VUs, 182447 complete and 0 interrupted iterations
run    [  18% ] 200/200 VUs  02m32.0s/14m00.0s

running (02m33.0s), 200/200 VUs, 184429 complete and 0 interrupted iterations
run    [  18% ] 200/200 VUs  02m33.0s/14m00.0s

running (02m34.0s), 200/200 VUs, 186415 complete and 0 interrupted iterations
run    [  18% ] 200/200 VUs  02m34.0s/14m00.0s

running (02m35.0s), 200/200 VUs, 188401 complete and 0 interrupted iterations
run    [  18% ] 200/200 VUs  02m35.0s/14m00.0s

running (02m36.0s), 200/200 VUs, 190396 complete and 0 interrupted iterations
run    [  19% ] 200/200 VUs  02m36.0s/14m00.0s

running (02m37.0s), 200/200 VUs, 192354 complete and 0 interrupted iterations
run    [  19% ] 200/200 VUs  02m37.0s/14m00.0s

running (02m38.0s), 200/200 VUs, 194345 complete and 0 interrupted iterations
run    [  19% ] 200/200 VUs  02m38.0s/14m00.0s

running (02m39.0s), 200/200 VUs, 196342 complete and 0 interrupted iterations
run    [  19% ] 200/200 VUs  02m39.0s/14m00.0s

running (02m40.0s), 200/200 VUs, 198313 complete and 0 interrupted iterations
run    [  19% ] 200/200 VUs  02m40.0s/14m00.0s

running (02m41.0s), 200/200 VUs, 200299 complete and 0 interrupted iterations
run    [  19% ] 200/200 VUs  02m41.0s/14m00.0s

running (02m42.0s), 200/200 VUs, 202293 complete and 0 interrupted iterations
run    [  19% ] 200/200 VUs  02m42.0s/14m00.0s

running (02m43.0s), 200/200 VUs, 204293 complete and 0 interrupted iterations
run    [  19% ] 200/200 VUs  02m43.0s/14m00.0s

running (02m44.0s), 200/200 VUs, 206285 complete and 0 interrupted iterations
run    [  20% ] 200/200 VUs  02m44.0s/14m00.0s

running (02m45.0s), 200/200 VUs, 208285 complete and 0 interrupted iterations
run    [  20% ] 200/200 VUs  02m45.0s/14m00.0s

running (02m46.0s), 200/200 VUs, 210271 complete and 0 interrupted iterations
run    [  20% ] 200/200 VUs  02m46.0s/14m00.0s

running (02m47.0s), 200/200 VUs, 212271 complete and 0 interrupted iterations
run    [  20% ] 200/200 VUs  02m47.0s/14m00.0s

running (02m48.0s), 200/200 VUs, 214271 complete and 0 interrupted iterations
run    [  20% ] 200/200 VUs  02m48.0s/14m00.0s

running (02m49.0s), 200/200 VUs, 216269 complete and 0 interrupted iterations
run    [  20% ] 200/200 VUs  02m49.0s/14m00.0s

running (02m50.0s), 200/200 VUs, 218269 complete and 0 interrupted iterations
run    [  20% ] 200/200 VUs  02m50.0s/14m00.0s

running (02m51.0s), 200/200 VUs, 220269 complete and 0 interrupted iterations
run    [  20% ] 200/200 VUs  02m51.0s/14m00.0s

running (02m52.0s), 200/200 VUs, 222260 complete and 0 interrupted iterations
run    [  20% ] 200/200 VUs  02m52.0s/14m00.0s

running (02m53.0s), 200/200 VUs, 224233 complete and 0 interrupted iterations
run    [  21% ] 200/200 VUs  02m53.0s/14m00.0s

running (02m54.0s), 200/200 VUs, 226228 complete and 0 interrupted iterations
run    [  21% ] 200/200 VUs  02m54.0s/14m00.0s

running (02m55.0s), 200/200 VUs, 228121 complete and 0 interrupted iterations
run    [  21% ] 200/200 VUs  02m55.0s/14m00.0s

running (02m56.0s), 200/200 VUs, 230121 complete and 0 interrupted iterations
run    [  21% ] 200/200 VUs  02m56.0s/14m00.0s

running (02m57.0s), 200/200 VUs, 232121 complete and 0 interrupted iterations
run    [  21% ] 200/200 VUs  02m57.0s/14m00.0s

running (02m58.0s), 200/200 VUs, 234121 complete and 0 interrupted iterations
run    [  21% ] 200/200 VUs  02m58.0s/14m00.0s

running (02m59.0s), 200/200 VUs, 236119 complete and 0 interrupted iterations
run    [  21% ] 200/200 VUs  02m59.0s/14m00.0s

running (03m00.0s), 200/200 VUs, 238118 complete and 0 interrupted iterations
run    [  21% ] 200/200 VUs  03m00.0s/14m00.0s

running (03m01.0s), 200/200 VUs, 240117 complete and 0 interrupted iterations
run    [  22% ] 200/200 VUs  03m01.0s/14m00.0s

running (03m02.0s), 200/200 VUs, 242117 complete and 0 interrupted iterations
run    [  22% ] 200/200 VUs  03m02.0s/14m00.0s

running (03m03.0s), 200/200 VUs, 244117 complete and 0 interrupted iterations
run    [  22% ] 200/200 VUs  03m03.0s/14m00.0s

running (03m04.0s), 200/200 VUs, 246109 complete and 0 interrupted iterations
run    [  22% ] 200/200 VUs  03m04.0s/14m00.0s

running (03m05.0s), 200/200 VUs, 248107 complete and 0 interrupted iterations
run    [  22% ] 200/200 VUs  03m05.0s/14m00.0s

running (03m06.0s), 200/200 VUs, 250099 complete and 0 interrupted iterations
run    [  22% ] 200/200 VUs  03m06.0s/14m00.0s

running (03m07.0s), 200/200 VUs, 252085 complete and 0 interrupted iterations
run    [  22% ] 200/200 VUs  03m07.0s/14m00.0s

running (03m08.0s), 200/200 VUs, 254075 complete and 0 interrupted iterations
run    [  22% ] 200/200 VUs  03m08.0s/14m00.0s

running (03m09.0s), 200/200 VUs, 256013 complete and 0 interrupted iterations
run    [  22% ] 200/200 VUs  03m09.0s/14m00.0s

running (03m10.0s), 200/200 VUs, 258012 complete and 0 interrupted iterations
run    [  23% ] 200/200 VUs  03m10.0s/14m00.0s

running (03m11.0s), 200/200 VUs, 260001 complete and 0 interrupted iterations
run    [  23% ] 200/200 VUs  03m11.0s/14m00.0s

running (03m12.0s), 200/200 VUs, 261983 complete and 0 interrupted iterations
run    [  23% ] 200/200 VUs  03m12.0s/14m00.0s

running (03m13.0s), 200/200 VUs, 263961 complete and 0 interrupted iterations
run    [  23% ] 200/200 VUs  03m13.0s/14m00.0s

running (03m14.0s), 200/200 VUs, 265952 complete and 0 interrupted iterations
run    [  23% ] 200/200 VUs  03m14.0s/14m00.0s

running (03m15.0s), 200/200 VUs, 267949 complete and 0 interrupted iterations
run    [  23% ] 200/200 VUs  03m15.0s/14m00.0s

running (03m16.0s), 200/200 VUs, 269938 complete and 0 interrupted iterations
run    [  23% ] 200/200 VUs  03m16.0s/14m00.0s

running (03m17.0s), 200/200 VUs, 271930 complete and 0 interrupted iterations
run    [  23% ] 200/200 VUs  03m17.0s/14m00.0s

running (03m18.0s), 200/200 VUs, 273925 complete and 0 interrupted iterations
run    [  24% ] 200/200 VUs  03m18.0s/14m00.0s

running (03m19.0s), 200/200 VUs, 275924 complete and 0 interrupted iterations
run    [  24% ] 200/200 VUs  03m19.0s/14m00.0s

running (03m20.0s), 200/200 VUs, 277921 complete and 0 interrupted iterations
run    [  24% ] 200/200 VUs  03m20.0s/14m00.0s

running (03m21.0s), 200/200 VUs, 279921 complete and 0 interrupted iterations
run    [  24% ] 200/200 VUs  03m21.0s/14m00.0s

running (03m22.0s), 200/200 VUs, 281921 complete and 0 interrupted iterations
run    [  24% ] 200/200 VUs  03m22.0s/14m00.0s

running (03m23.0s), 200/200 VUs, 283882 complete and 0 interrupted iterations
run    [  24% ] 200/200 VUs  03m23.0s/14m00.0s

running (03m24.0s), 200/200 VUs, 285878 complete and 0 interrupted iterations
run    [  24% ] 200/200 VUs  03m24.0s/14m00.0s

running (03m25.0s), 200/200 VUs, 287844 complete and 0 interrupted iterations
run    [  24% ] 200/200 VUs  03m25.0s/14m00.0s

running (03m26.0s), 200/200 VUs, 289833 complete and 0 interrupted iterations
run    [  25% ] 200/200 VUs  03m26.0s/14m00.0s

running (03m27.0s), 200/200 VUs, 291817 complete and 0 interrupted iterations
run    [  25% ] 200/200 VUs  03m27.0s/14m00.0s

running (03m28.0s), 200/200 VUs, 293817 complete and 0 interrupted iterations
run    [  25% ] 200/200 VUs  03m28.0s/14m00.0s

running (03m29.0s), 200/200 VUs, 295815 complete and 0 interrupted iterations
run    [  25% ] 200/200 VUs  03m29.0s/14m00.0s

running (03m30.0s), 200/200 VUs, 297815 complete and 0 interrupted iterations
run    [  25% ] 200/200 VUs  03m30.0s/14m00.0s

running (03m31.0s), 200/200 VUs, 299802 complete and 0 interrupted iterations
run    [  25% ] 200/200 VUs  03m31.0s/14m00.0s

running (03m32.0s), 200/200 VUs, 301782 complete and 0 interrupted iterations
run    [  25% ] 200/200 VUs  03m32.0s/14m00.0s

running (03m33.0s), 200/200 VUs, 303753 complete and 0 interrupted iterations
run    [  25% ] 200/200 VUs  03m33.0s/14m00.0s

running (03m34.0s), 200/200 VUs, 305753 complete and 0 interrupted iterations
run    [  25% ] 200/200 VUs  03m34.0s/14m00.0s

running (03m35.0s), 200/200 VUs, 307751 complete and 0 interrupted iterations
run    [  26% ] 200/200 VUs  03m35.0s/14m00.0s

running (03m36.0s), 200/200 VUs, 309745 complete and 0 interrupted iterations
run    [  26% ] 200/200 VUs  03m36.0s/14m00.0s

running (03m37.0s), 200/200 VUs, 311733 complete and 0 interrupted iterations
run    [  26% ] 200/200 VUs  03m37.0s/14m00.0s

running (03m38.0s), 200/200 VUs, 313727 complete and 0 interrupted iterations
run    [  26% ] 200/200 VUs  03m38.0s/14m00.0s

running (03m39.0s), 200/200 VUs, 315727 complete and 0 interrupted iterations
run    [  26% ] 200/200 VUs  03m39.0s/14m00.0s

running (03m40.0s), 200/200 VUs, 317723 complete and 0 interrupted iterations
run    [  26% ] 200/200 VUs  03m40.0s/14m00.0s

running (03m41.0s), 200/200 VUs, 319723 complete and 0 interrupted iterations
run    [  26% ] 200/200 VUs  03m41.0s/14m00.0s

running (03m42.0s), 200/200 VUs, 321723 complete and 0 interrupted iterations
run    [  26% ] 200/200 VUs  03m42.0s/14m00.0s

running (03m43.0s), 200/200 VUs, 323721 complete and 0 interrupted iterations
run    [  27% ] 200/200 VUs  03m43.0s/14m00.0s

running (03m44.0s), 200/200 VUs, 325716 complete and 0 interrupted iterations
run    [  27% ] 200/200 VUs  03m44.0s/14m00.0s

running (03m45.0s), 200/200 VUs, 327571 complete and 0 interrupted iterations
run    [  27% ] 200/200 VUs  03m45.0s/14m00.0s

running (03m46.0s), 200/200 VUs, 329571 complete and 0 interrupted iterations
run    [  27% ] 200/200 VUs  03m46.0s/14m00.0s

running (03m47.0s), 200/200 VUs, 331571 complete and 0 interrupted iterations
run    [  27% ] 200/200 VUs  03m47.0s/14m00.0s

running (03m48.0s), 200/200 VUs, 333571 complete and 0 interrupted iterations
run    [  27% ] 200/200 VUs  03m48.0s/14m00.0s

running (03m49.0s), 200/200 VUs, 335545 complete and 0 interrupted iterations
run    [  27% ] 200/200 VUs  03m49.0s/14m00.0s

running (03m50.0s), 200/200 VUs, 337544 complete and 0 interrupted iterations
run    [  27% ] 200/200 VUs  03m50.0s/14m00.0s

running (03m51.0s), 200/200 VUs, 339544 complete and 0 interrupted iterations
run    [  27% ] 200/200 VUs  03m51.0s/14m00.0s

running (03m52.0s), 200/200 VUs, 341509 complete and 0 interrupted iterations
run    [  28% ] 200/200 VUs  03m52.0s/14m00.0s

running (03m53.0s), 200/200 VUs, 343509 complete and 0 interrupted iterations
run    [  28% ] 200/200 VUs  03m53.0s/14m00.0s

running (03m54.0s), 200/200 VUs, 345484 complete and 0 interrupted iterations
run    [  28% ] 200/200 VUs  03m54.0s/14m00.0s

running (03m55.0s), 200/200 VUs, 347483 complete and 0 interrupted iterations
run    [  28% ] 200/200 VUs  03m55.0s/14m00.0s

running (03m56.0s), 200/200 VUs, 349453 complete and 0 interrupted iterations
run    [  28% ] 200/200 VUs  03m56.0s/14m00.0s

running (03m57.0s), 200/200 VUs, 351452 complete and 0 interrupted iterations
run    [  28% ] 200/200 VUs  03m57.0s/14m00.0s

running (03m58.0s), 200/200 VUs, 353450 complete and 0 interrupted iterations
run    [  28% ] 200/200 VUs  03m58.0s/14m00.0s

running (03m59.0s), 200/200 VUs, 355450 complete and 0 interrupted iterations
run    [  28% ] 200/200 VUs  03m59.0s/14m00.0s

running (04m00.0s), 200/200 VUs, 357335 complete and 0 interrupted iterations
run    [  29% ] 200/200 VUs  04m00.0s/14m00.0s

running (04m01.0s), 200/200 VUs, 359296 complete and 0 interrupted iterations
run    [  29% ] 200/200 VUs  04m01.0s/14m00.0s

running (04m02.0s), 200/200 VUs, 361289 complete and 0 interrupted iterations
run    [  29% ] 200/200 VUs  04m02.0s/14m00.0s

running (04m03.0s), 200/200 VUs, 363289 complete and 0 interrupted iterations
run    [  29% ] 200/200 VUs  04m03.0s/14m00.0s

running (04m04.0s), 200/200 VUs, 365289 complete and 0 interrupted iterations
run    [  29% ] 200/200 VUs  04m04.0s/14m00.0s

running (04m05.0s), 200/200 VUs, 367289 complete and 0 interrupted iterations
run    [  29% ] 200/200 VUs  04m05.0s/14m00.0s

running (04m06.0s), 200/200 VUs, 369289 complete and 0 interrupted iterations
run    [  29% ] 200/200 VUs  04m06.0s/14m00.0s

running (04m07.0s), 200/200 VUs, 371289 complete and 0 interrupted iterations
run    [  29% ] 200/200 VUs  04m07.0s/14m00.0s

running (04m08.0s), 200/200 VUs, 373229 complete and 0 interrupted iterations
run    [  30% ] 200/200 VUs  04m08.0s/14m00.0s

running (04m09.0s), 200/200 VUs, 375228 complete and 0 interrupted iterations
run    [  30% ] 200/200 VUs  04m09.0s/14m00.0s

running (04m10.0s), 200/200 VUs, 377228 complete and 0 interrupted iterations
run    [  30% ] 200/200 VUs  04m10.0s/14m00.0s

running (04m11.0s), 200/200 VUs, 379228 complete and 0 interrupted iterations
run    [  30% ] 200/200 VUs  04m11.0s/14m00.0s

running (04m12.0s), 200/200 VUs, 381227 complete and 0 interrupted iterations
run    [  30% ] 200/200 VUs  04m12.0s/14m00.0s

running (04m13.0s), 200/200 VUs, 383185 complete and 0 interrupted iterations
run    [  30% ] 200/200 VUs  04m13.0s/14m00.0s

running (04m14.0s), 200/200 VUs, 385109 complete and 0 interrupted iterations
run    [  30% ] 200/200 VUs  04m14.0s/14m00.0s

running (04m15.0s), 200/200 VUs, 387109 complete and 0 interrupted iterations
run    [  30% ] 200/200 VUs  04m15.0s/14m00.0s

running (04m16.0s), 200/200 VUs, 389109 complete and 0 interrupted iterations
run    [  30% ] 200/200 VUs  04m16.0s/14m00.0s

running (04m17.0s), 200/200 VUs, 391109 complete and 0 interrupted iterations
run    [  31% ] 200/200 VUs  04m17.0s/14m00.0s

running (04m18.0s), 200/200 VUs, 393095 complete and 0 interrupted iterations
run    [  31% ] 200/200 VUs  04m18.0s/14m00.0s

running (04m19.0s), 200/200 VUs, 394969 complete and 0 interrupted iterations
run    [  31% ] 200/200 VUs  04m19.0s/14m00.0s

running (04m20.0s), 200/200 VUs, 396963 complete and 0 interrupted iterations
run    [  31% ] 200/200 VUs  04m20.0s/14m00.0s

running (04m21.0s), 200/200 VUs, 398936 complete and 0 interrupted iterations
run    [  31% ] 200/200 VUs  04m21.0s/14m00.0s

running (04m22.0s), 200/200 VUs, 400930 complete and 0 interrupted iterations
run    [  31% ] 200/200 VUs  04m22.0s/14m00.0s

running (04m23.0s), 200/200 VUs, 402928 complete and 0 interrupted iterations
run    [  31% ] 200/200 VUs  04m23.0s/14m00.0s

running (04m24.0s), 200/200 VUs, 404911 complete and 0 interrupted iterations
run    [  31% ] 200/200 VUs  04m24.0s/14m00.0s

running (04m25.0s), 200/200 VUs, 406911 complete and 0 interrupted iterations
run    [  32% ] 200/200 VUs  04m25.0s/14m00.0s

running (04m26.0s), 200/200 VUs, 408911 complete and 0 interrupted iterations
run    [  32% ] 200/200 VUs  04m26.0s/14m00.0s

running (04m27.0s), 200/200 VUs, 410735 complete and 0 interrupted iterations
run    [  32% ] 200/200 VUs  04m27.0s/14m00.0s

running (04m28.0s), 200/200 VUs, 412735 complete and 0 interrupted iterations
run    [  32% ] 200/200 VUs  04m28.0s/14m00.0s

running (04m29.0s), 200/200 VUs, 414735 complete and 0 interrupted iterations
run    [  32% ] 200/200 VUs  04m29.0s/14m00.0s

running (04m30.0s), 200/200 VUs, 416735 complete and 0 interrupted iterations
run    [  32% ] 200/200 VUs  04m30.0s/14m00.0s

running (04m31.0s), 200/200 VUs, 418735 complete and 0 interrupted iterations
run    [  32% ] 200/200 VUs  04m31.0s/14m00.0s

running (04m32.0s), 200/200 VUs, 420735 complete and 0 interrupted iterations
run    [  32% ] 200/200 VUs  04m32.0s/14m00.0s

running (04m33.0s), 200/200 VUs, 422590 complete and 0 interrupted iterations
run    [  32% ] 200/200 VUs  04m33.0s/14m00.0s

running (04m34.0s), 200/200 VUs, 424590 complete and 0 interrupted iterations
run    [  33% ] 200/200 VUs  04m34.0s/14m00.0s

running (04m35.0s), 200/200 VUs, 426590 complete and 0 interrupted iterations
run    [  33% ] 200/200 VUs  04m35.0s/14m00.0s

running (04m36.0s), 200/200 VUs, 428543 complete and 0 interrupted iterations
run    [  33% ] 200/200 VUs  04m36.0s/14m00.0s

running (04m37.0s), 200/200 VUs, 430545 complete and 0 interrupted iterations
run    [  33% ] 200/200 VUs  04m37.0s/14m00.0s

running (04m38.0s), 200/200 VUs, 432452 complete and 0 interrupted iterations
run    [  33% ] 200/200 VUs  04m38.0s/14m00.0s

running (04m39.0s), 200/200 VUs, 434423 complete and 0 interrupted iterations
run    [  33% ] 200/200 VUs  04m39.0s/14m00.0s

running (04m40.0s), 200/200 VUs, 436423 complete and 0 interrupted iterations
run    [  33% ] 200/200 VUs  04m40.0s/14m00.0s

running (04m41.0s), 200/200 VUs, 438423 complete and 0 interrupted iterations
run    [  33% ] 200/200 VUs  04m41.0s/14m00.0s

running (04m42.0s), 200/200 VUs, 440423 complete and 0 interrupted iterations
run    [  34% ] 200/200 VUs  04m42.0s/14m00.0s

running (04m43.0s), 200/200 VUs, 442423 complete and 0 interrupted iterations
run    [  34% ] 200/200 VUs  04m43.0s/14m00.0s

running (04m44.0s), 200/200 VUs, 444223 complete and 0 interrupted iterations
run    [  34% ] 200/200 VUs  04m44.0s/14m00.0s

running (04m45.0s), 200/200 VUs, 446223 complete and 0 interrupted iterations
run    [  34% ] 200/200 VUs  04m45.0s/14m00.0s

running (04m46.0s), 200/200 VUs, 448223 complete and 0 interrupted iterations
run    [  34% ] 200/200 VUs  04m46.0s/14m00.0s

running (04m47.0s), 200/200 VUs, 450223 complete and 0 interrupted iterations
run    [  34% ] 200/200 VUs  04m47.0s/14m00.0s

running (04m48.0s), 200/200 VUs, 452093 complete and 0 interrupted iterations
run    [  34% ] 200/200 VUs  04m48.0s/14m00.0s

running (04m49.0s), 200/200 VUs, 454093 complete and 0 interrupted iterations
run    [  34% ] 200/200 VUs  04m49.0s/14m00.0s

running (04m50.0s), 200/200 VUs, 456093 complete and 0 interrupted iterations
run    [  35% ] 200/200 VUs  04m50.0s/14m00.0s

running (04m51.0s), 200/200 VUs, 458093 complete and 0 interrupted iterations
run    [  35% ] 200/200 VUs  04m51.0s/14m00.0s

running (04m52.0s), 200/200 VUs, 460093 complete and 0 interrupted iterations
run    [  35% ] 200/200 VUs  04m52.0s/14m00.0s

running (04m53.0s), 200/200 VUs, 462093 complete and 0 interrupted iterations
run    [  35% ] 200/200 VUs  04m53.0s/14m00.0s

running (04m54.0s), 200/200 VUs, 464093 complete and 0 interrupted iterations
run    [  35% ] 200/200 VUs  04m54.0s/14m00.0s

running (04m55.0s), 200/200 VUs, 466088 complete and 0 interrupted iterations
run    [  35% ] 200/200 VUs  04m55.0s/14m00.0s

running (04m56.0s), 200/200 VUs, 468088 complete and 0 interrupted iterations
run    [  35% ] 200/200 VUs  04m56.0s/14m00.0s

running (04m57.0s), 200/200 VUs, 470088 complete and 0 interrupted iterations
run    [  35% ] 200/200 VUs  04m57.0s/14m00.0s

running (04m58.0s), 200/200 VUs, 472088 complete and 0 interrupted iterations
run    [  35% ] 200/200 VUs  04m58.0s/14m00.0s

running (04m59.0s), 200/200 VUs, 474088 complete and 0 interrupted iterations
run    [  36% ] 200/200 VUs  04m59.0s/14m00.0s

running (05m00.0s), 200/200 VUs, 476088 complete and 0 interrupted iterations
run    [  36% ] 200/200 VUs  05m00.0s/14m00.0s

running (05m01.0s), 200/200 VUs, 478088 complete and 0 interrupted iterations
run    [  36% ] 200/200 VUs  05m01.0s/14m00.0s

running (05m02.0s), 200/200 VUs, 480088 complete and 0 interrupted iterations
run    [  36% ] 200/200 VUs  05m02.0s/14m00.0s

running (05m03.0s), 200/200 VUs, 482042 complete and 0 interrupted iterations
run    [  36% ] 200/200 VUs  05m03.0s/14m00.0s

running (05m04.0s), 200/200 VUs, 484042 complete and 0 interrupted iterations
run    [  36% ] 200/200 VUs  05m04.0s/14m00.0s

running (05m05.0s), 200/200 VUs, 486015 complete and 0 interrupted iterations
run    [  36% ] 200/200 VUs  05m05.0s/14m00.0s

running (05m06.0s), 200/200 VUs, 488001 complete and 0 interrupted iterations
run    [  36% ] 200/200 VUs  05m06.0s/14m00.0s

running (05m07.0s), 200/200 VUs, 489941 complete and 0 interrupted iterations
run    [  37% ] 200/200 VUs  05m07.0s/14m00.0s

running (05m08.0s), 200/200 VUs, 491939 complete and 0 interrupted iterations
run    [  37% ] 200/200 VUs  05m08.0s/14m00.0s

running (05m09.0s), 200/200 VUs, 493939 complete and 0 interrupted iterations
run    [  37% ] 200/200 VUs  05m09.0s/14m00.0s

running (05m10.0s), 200/200 VUs, 495918 complete and 0 interrupted iterations
run    [  37% ] 200/200 VUs  05m10.0s/14m00.0s

running (05m11.0s), 200/200 VUs, 497906 complete and 0 interrupted iterations
run    [  37% ] 200/200 VUs  05m11.0s/14m00.0s

running (05m12.0s), 200/200 VUs, 499901 complete and 0 interrupted iterations
run    [  37% ] 200/200 VUs  05m12.0s/14m00.0s

running (05m13.0s), 200/200 VUs, 501895 complete and 0 interrupted iterations
run    [  37% ] 200/200 VUs  05m13.0s/14m00.0s

running (05m14.0s), 200/200 VUs, 503894 complete and 0 interrupted iterations
run    [  37% ] 200/200 VUs  05m14.0s/14m00.0s

running (05m15.0s), 200/200 VUs, 505894 complete and 0 interrupted iterations
run    [  37% ] 200/200 VUs  05m15.0s/14m00.0s

running (05m16.0s), 200/200 VUs, 507893 complete and 0 interrupted iterations
run    [  38% ] 200/200 VUs  05m16.0s/14m00.0s

running (05m17.0s), 200/200 VUs, 509864 complete and 0 interrupted iterations
run    [  38% ] 200/200 VUs  05m17.0s/14m00.0s

running (05m18.0s), 200/200 VUs, 511855 complete and 0 interrupted iterations
run    [  38% ] 200/200 VUs  05m18.0s/14m00.0s

running (05m19.0s), 200/200 VUs, 513848 complete and 0 interrupted iterations
run    [  38% ] 200/200 VUs  05m19.0s/14m00.0s

running (05m20.0s), 200/200 VUs, 515846 complete and 0 interrupted iterations
run    [  38% ] 200/200 VUs  05m20.0s/14m00.0s

running (05m21.0s), 200/200 VUs, 517842 complete and 0 interrupted iterations
run    [  38% ] 200/200 VUs  05m21.0s/14m00.0s

running (05m22.0s), 200/200 VUs, 519768 complete and 0 interrupted iterations
run    [  38% ] 200/200 VUs  05m22.0s/14m00.0s

running (05m23.0s), 200/200 VUs, 521768 complete and 0 interrupted iterations
run    [  38% ] 200/200 VUs  05m23.0s/14m00.0s

running (05m24.0s), 200/200 VUs, 523768 complete and 0 interrupted iterations
run    [  39% ] 200/200 VUs  05m24.0s/14m00.0s

running (05m25.0s), 200/200 VUs, 525768 complete and 0 interrupted iterations
run    [  39% ] 200/200 VUs  05m25.0s/14m00.0s

running (05m26.0s), 200/200 VUs, 527768 complete and 0 interrupted iterations
run    [  39% ] 200/200 VUs  05m26.0s/14m00.0s

running (05m27.0s), 200/200 VUs, 529745 complete and 0 interrupted iterations
run    [  39% ] 200/200 VUs  05m27.0s/14m00.0s

running (05m28.0s), 200/200 VUs, 531744 complete and 0 interrupted iterations
run    [  39% ] 200/200 VUs  05m28.0s/14m00.0s

running (05m29.0s), 200/200 VUs, 533744 complete and 0 interrupted iterations
run    [  39% ] 200/200 VUs  05m29.0s/14m00.0s

running (05m30.0s), 200/200 VUs, 535741 complete and 0 interrupted iterations
run    [  39% ] 200/200 VUs  05m30.0s/14m00.0s

running (05m31.0s), 200/200 VUs, 537741 complete and 0 interrupted iterations
run    [  39% ] 200/200 VUs  05m31.0s/14m00.0s

running (05m32.0s), 200/200 VUs, 539741 complete and 0 interrupted iterations
run    [  40% ] 200/200 VUs  05m32.0s/14m00.0s

running (05m33.0s), 200/200 VUs, 541741 complete and 0 interrupted iterations
run    [  40% ] 200/200 VUs  05m33.0s/14m00.0s

running (05m34.0s), 200/200 VUs, 543738 complete and 0 interrupted iterations
run    [  40% ] 200/200 VUs  05m34.0s/14m00.0s

running (05m35.0s), 200/200 VUs, 545728 complete and 0 interrupted iterations
run    [  40% ] 200/200 VUs  05m35.0s/14m00.0s

running (05m36.0s), 200/200 VUs, 547718 complete and 0 interrupted iterations
run    [  40% ] 200/200 VUs  05m36.0s/14m00.0s

running (05m37.0s), 200/200 VUs, 549712 complete and 0 interrupted iterations
run    [  40% ] 200/200 VUs  05m37.0s/14m00.0s

running (05m38.0s), 200/200 VUs, 551702 complete and 0 interrupted iterations
run    [  40% ] 200/200 VUs  05m38.0s/14m00.0s

running (05m39.0s), 200/200 VUs, 553697 complete and 0 interrupted iterations
run    [  40% ] 200/200 VUs  05m39.0s/14m00.0s

running (05m40.0s), 200/200 VUs, 555682 complete and 0 interrupted iterations
run    [  40% ] 200/200 VUs  05m40.0s/14m00.0s

running (05m41.0s), 200/200 VUs, 557639 complete and 0 interrupted iterations
run    [  41% ] 200/200 VUs  05m41.0s/14m00.0s

running (05m42.0s), 200/200 VUs, 559631 complete and 0 interrupted iterations
run    [  41% ] 200/200 VUs  05m42.0s/14m00.0s

running (05m43.0s), 200/200 VUs, 561612 complete and 0 interrupted iterations
run    [  41% ] 200/200 VUs  05m43.0s/14m00.0s

running (05m44.0s), 200/200 VUs, 563596 complete and 0 interrupted iterations
run    [  41% ] 200/200 VUs  05m44.0s/14m00.0s

running (05m45.0s), 200/200 VUs, 565574 complete and 0 interrupted iterations
run    [  41% ] 200/200 VUs  05m45.0s/14m00.0s

running (05m46.0s), 200/200 VUs, 567569 complete and 0 interrupted iterations
run    [  41% ] 200/200 VUs  05m46.0s/14m00.0s

running (05m47.0s), 200/200 VUs, 569568 complete and 0 interrupted iterations
run    [  41% ] 200/200 VUs  05m47.0s/14m00.0s

running (05m48.0s), 200/200 VUs, 571568 complete and 0 interrupted iterations
run    [  41% ] 200/200 VUs  05m48.0s/14m00.0s

running (05m49.0s), 200/200 VUs, 573568 complete and 0 interrupted iterations
run    [  42% ] 200/200 VUs  05m49.0s/14m00.0s

running (05m50.0s), 200/200 VUs, 575568 complete and 0 interrupted iterations
run    [  42% ] 200/200 VUs  05m50.0s/14m00.0s

running (05m51.0s), 200/200 VUs, 577564 complete and 0 interrupted iterations
run    [  42% ] 200/200 VUs  05m51.0s/14m00.0s

running (05m52.0s), 200/200 VUs, 579559 complete and 0 interrupted iterations
run    [  42% ] 200/200 VUs  05m52.0s/14m00.0s

running (05m53.0s), 200/200 VUs, 581542 complete and 0 interrupted iterations
run    [  42% ] 200/200 VUs  05m53.0s/14m00.0s

running (05m54.0s), 200/200 VUs, 583542 complete and 0 interrupted iterations
run    [  42% ] 200/200 VUs  05m54.0s/14m00.0s

running (05m55.0s), 200/200 VUs, 585541 complete and 0 interrupted iterations
run    [  42% ] 200/200 VUs  05m55.0s/14m00.0s

running (05m56.0s), 200/200 VUs, 587541 complete and 0 interrupted iterations
run    [  42% ] 200/200 VUs  05m56.0s/14m00.0s

running (05m57.0s), 200/200 VUs, 589541 complete and 0 interrupted iterations
run    [  42% ] 200/200 VUs  05m57.0s/14m00.0s

running (05m58.0s), 200/200 VUs, 591541 complete and 0 interrupted iterations
run    [  43% ] 200/200 VUs  05m58.0s/14m00.0s

running (05m59.0s), 200/200 VUs, 593492 complete and 0 interrupted iterations
run    [  43% ] 200/200 VUs  05m59.0s/14m00.0s

running (06m00.0s), 200/200 VUs, 595423 complete and 0 interrupted iterations
run    [  43% ] 200/200 VUs  06m00.0s/14m00.0s

running (06m01.0s), 200/200 VUs, 597387 complete and 0 interrupted iterations
run    [  43% ] 200/200 VUs  06m01.0s/14m00.0s

running (06m02.0s), 200/200 VUs, 599384 complete and 0 interrupted iterations
run    [  43% ] 200/200 VUs  06m02.0s/14m00.0s

running (06m03.0s), 200/200 VUs, 601381 complete and 0 interrupted iterations
run    [  43% ] 200/200 VUs  06m03.0s/14m00.0s

running (06m04.0s), 200/200 VUs, 603372 complete and 0 interrupted iterations
run    [  43% ] 200/200 VUs  06m04.0s/14m00.0s

running (06m05.0s), 200/200 VUs, 605372 complete and 0 interrupted iterations
run    [  43% ] 200/200 VUs  06m05.0s/14m00.0s

running (06m06.0s), 200/200 VUs, 607369 complete and 0 interrupted iterations
run    [  44% ] 200/200 VUs  06m06.0s/14m00.0s

running (06m07.0s), 200/200 VUs, 609369 complete and 0 interrupted iterations
run    [  44% ] 200/200 VUs  06m07.0s/14m00.0s

running (06m08.0s), 200/200 VUs, 611369 complete and 0 interrupted iterations
run    [  44% ] 200/200 VUs  06m08.0s/14m00.0s

running (06m09.0s), 200/200 VUs, 613369 complete and 0 interrupted iterations
run    [  44% ] 200/200 VUs  06m09.0s/14m00.0s

running (06m10.0s), 200/200 VUs, 615369 complete and 0 interrupted iterations
run    [  44% ] 200/200 VUs  06m10.0s/14m00.0s

running (06m11.0s), 200/200 VUs, 617368 complete and 0 interrupted iterations
run    [  44% ] 200/200 VUs  06m11.0s/14m00.0s

running (06m12.0s), 200/200 VUs, 619368 complete and 0 interrupted iterations
run    [  44% ] 200/200 VUs  06m12.0s/14m00.0s

running (06m13.0s), 200/200 VUs, 621368 complete and 0 interrupted iterations
run    [  44% ] 200/200 VUs  06m13.0s/14m00.0s

running (06m14.0s), 200/200 VUs, 623368 complete and 0 interrupted iterations
run    [  45% ] 200/200 VUs  06m14.0s/14m00.0s

running (06m15.0s), 200/200 VUs, 625368 complete and 0 interrupted iterations
run    [  45% ] 200/200 VUs  06m15.0s/14m00.0s

running (06m16.0s), 200/200 VUs, 627357 complete and 0 interrupted iterations
run    [  45% ] 200/200 VUs  06m16.0s/14m00.0s

running (06m17.0s), 200/200 VUs, 629354 complete and 0 interrupted iterations
run    [  45% ] 200/200 VUs  06m17.0s/14m00.0s

running (06m18.0s), 200/200 VUs, 631348 complete and 0 interrupted iterations
run    [  45% ] 200/200 VUs  06m18.0s/14m00.0s

running (06m19.0s), 200/200 VUs, 633344 complete and 0 interrupted iterations
run    [  45% ] 200/200 VUs  06m19.0s/14m00.0s

running (06m20.0s), 200/200 VUs, 635322 complete and 0 interrupted iterations
run    [  45% ] 200/200 VUs  06m20.0s/14m00.0s

running (06m21.0s), 200/200 VUs, 637290 complete and 0 interrupted iterations
run    [  45% ] 200/200 VUs  06m21.0s/14m00.0s

running (06m22.0s), 200/200 VUs, 639179 complete and 0 interrupted iterations
run    [  45% ] 200/200 VUs  06m22.0s/14m00.0s

running (06m23.0s), 200/200 VUs, 641179 complete and 0 interrupted iterations
run    [  46% ] 200/200 VUs  06m23.0s/14m00.0s

running (06m24.0s), 200/200 VUs, 643179 complete and 0 interrupted iterations
run    [  46% ] 200/200 VUs  06m24.0s/14m00.0s

running (06m25.0s), 200/200 VUs, 645179 complete and 0 interrupted iterations
run    [  46% ] 200/200 VUs  06m25.0s/14m00.0s

running (06m26.0s), 200/200 VUs, 647179 complete and 0 interrupted iterations
run    [  46% ] 200/200 VUs  06m26.0s/14m00.0s

running (06m27.0s), 200/200 VUs, 649170 complete and 0 interrupted iterations
run    [  46% ] 200/200 VUs  06m27.0s/14m00.0s

running (06m28.0s), 200/200 VUs, 651170 complete and 0 interrupted iterations
run    [  46% ] 200/200 VUs  06m28.0s/14m00.0s

running (06m29.0s), 200/200 VUs, 653170 complete and 0 interrupted iterations
run    [  46% ] 200/200 VUs  06m29.0s/14m00.0s

running (06m30.0s), 200/200 VUs, 655169 complete and 0 interrupted iterations
run    [  46% ] 200/200 VUs  06m30.0s/14m00.0s

running (06m31.0s), 200/200 VUs, 657169 complete and 0 interrupted iterations
run    [  47% ] 200/200 VUs  06m31.0s/14m00.0s

running (06m32.0s), 200/200 VUs, 659169 complete and 0 interrupted iterations
run    [  47% ] 200/200 VUs  06m32.0s/14m00.0s

running (06m33.0s), 200/200 VUs, 661169 complete and 0 interrupted iterations
run    [  47% ] 200/200 VUs  06m33.0s/14m00.0s

running (06m34.0s), 200/200 VUs, 663168 complete and 0 interrupted iterations
run    [  47% ] 200/200 VUs  06m34.0s/14m00.0s

running (06m35.0s), 200/200 VUs, 665089 complete and 0 interrupted iterations
run    [  47% ] 200/200 VUs  06m35.0s/14m00.0s

running (06m36.0s), 200/200 VUs, 667037 complete and 0 interrupted iterations
run    [  47% ] 200/200 VUs  06m36.0s/14m00.0s

running (06m37.0s), 200/200 VUs, 669015 complete and 0 interrupted iterations
run    [  47% ] 200/200 VUs  06m37.0s/14m00.0s

running (06m38.0s), 200/200 VUs, 671003 complete and 0 interrupted iterations
run    [  47% ] 200/200 VUs  06m38.0s/14m00.0s

running (06m39.0s), 200/200 VUs, 672991 complete and 0 interrupted iterations
run    [  47% ] 200/200 VUs  06m39.0s/14m00.0s

running (06m40.0s), 200/200 VUs, 674981 complete and 0 interrupted iterations
run    [  48% ] 200/200 VUs  06m40.0s/14m00.0s

running (06m41.0s), 200/200 VUs, 676979 complete and 0 interrupted iterations
run    [  48% ] 200/200 VUs  06m41.0s/14m00.0s

running (06m42.0s), 200/200 VUs, 678979 complete and 0 interrupted iterations
run    [  48% ] 200/200 VUs  06m42.0s/14m00.0s

running (06m43.0s), 200/200 VUs, 680979 complete and 0 interrupted iterations
run    [  48% ] 200/200 VUs  06m43.0s/14m00.0s

running (06m44.0s), 200/200 VUs, 682979 complete and 0 interrupted iterations
run    [  48% ] 200/200 VUs  06m44.0s/14m00.0s

running (06m45.0s), 200/200 VUs, 684979 complete and 0 interrupted iterations
run    [  48% ] 200/200 VUs  06m45.0s/14m00.0s

running (06m46.0s), 200/200 VUs, 686979 complete and 0 interrupted iterations
run    [  48% ] 200/200 VUs  06m46.0s/14m00.0s

running (06m47.0s), 200/200 VUs, 688979 complete and 0 interrupted iterations
run    [  48% ] 200/200 VUs  06m47.0s/14m00.0s

running (06m48.0s), 200/200 VUs, 690979 complete and 0 interrupted iterations
run    [  49% ] 200/200 VUs  06m48.0s/14m00.0s

running (06m49.0s), 200/200 VUs, 692979 complete and 0 interrupted iterations
run    [  49% ] 200/200 VUs  06m49.0s/14m00.0s

running (06m50.0s), 200/200 VUs, 694978 complete and 0 interrupted iterations
run    [  49% ] 200/200 VUs  06m50.0s/14m00.0s

running (06m51.0s), 200/200 VUs, 696939 complete and 0 interrupted iterations
run    [  49% ] 200/200 VUs  06m51.0s/14m00.0s

running (06m52.0s), 200/200 VUs, 698917 complete and 0 interrupted iterations
run    [  49% ] 200/200 VUs  06m52.0s/14m00.0s

running (06m53.0s), 200/200 VUs, 700894 complete and 0 interrupted iterations
run    [  49% ] 200/200 VUs  06m53.0s/14m00.0s

running (06m54.0s), 200/200 VUs, 702882 complete and 0 interrupted iterations
run    [  49% ] 200/200 VUs  06m54.0s/14m00.0s

running (06m55.0s), 200/200 VUs, 704868 complete and 0 interrupted iterations
run    [  49% ] 200/200 VUs  06m55.0s/14m00.0s

running (06m56.0s), 200/200 VUs, 706845 complete and 0 interrupted iterations
run    [  50% ] 200/200 VUs  06m56.0s/14m00.0s

running (06m57.0s), 200/200 VUs, 708844 complete and 0 interrupted iterations
run    [  50% ] 200/200 VUs  06m57.0s/14m00.0s

running (06m58.0s), 200/200 VUs, 710808 complete and 0 interrupted iterations
run    [  50% ] 200/200 VUs  06m58.0s/14m00.0s

running (06m59.0s), 200/200 VUs, 712801 complete and 0 interrupted iterations
run    [  50% ] 200/200 VUs  06m59.0s/14m00.0s

running (07m00.0s), 200/200 VUs, 714796 complete and 0 interrupted iterations
run    [  50% ] 200/200 VUs  07m00.0s/14m00.0s

running (07m01.0s), 200/200 VUs, 716779 complete and 0 interrupted iterations
run    [  50% ] 200/200 VUs  07m01.0s/14m00.0s

running (07m02.0s), 200/200 VUs, 718779 complete and 0 interrupted iterations
run    [  50% ] 200/200 VUs  07m02.0s/14m00.0s

running (07m03.0s), 200/200 VUs, 720779 complete and 0 interrupted iterations
run    [  50% ] 200/200 VUs  07m03.0s/14m00.0s

running (07m04.0s), 200/200 VUs, 722779 complete and 0 interrupted iterations
run    [  50% ] 200/200 VUs  07m04.0s/14m00.0s

running (07m05.0s), 200/200 VUs, 724779 complete and 0 interrupted iterations
run    [  51% ] 200/200 VUs  07m05.0s/14m00.0s

running (07m06.0s), 200/200 VUs, 726775 complete and 0 interrupted iterations
run    [  51% ] 200/200 VUs  07m06.0s/14m00.0s

running (07m07.0s), 200/200 VUs, 728775 complete and 0 interrupted iterations
run    [  51% ] 200/200 VUs  07m07.0s/14m00.0s

running (07m08.0s), 200/200 VUs, 730737 complete and 0 interrupted iterations
run    [  51% ] 200/200 VUs  07m08.0s/14m00.0s

running (07m09.0s), 200/200 VUs, 732729 complete and 0 interrupted iterations
run    [  51% ] 200/200 VUs  07m09.0s/14m00.0s

running (07m10.0s), 200/200 VUs, 734709 complete and 0 interrupted iterations
run    [  51% ] 200/200 VUs  07m10.0s/14m00.0s

running (07m11.0s), 200/200 VUs, 736675 complete and 0 interrupted iterations
run    [  51% ] 200/200 VUs  07m11.0s/14m00.0s

running (07m12.0s), 200/200 VUs, 738631 complete and 0 interrupted iterations
run    [  51% ] 200/200 VUs  07m12.0s/14m00.0s

running (07m13.0s), 200/200 VUs, 740615 complete and 0 interrupted iterations
run    [  52% ] 200/200 VUs  07m13.0s/14m00.0s

running (07m14.0s), 200/200 VUs, 742593 complete and 0 interrupted iterations
run    [  52% ] 200/200 VUs  07m14.0s/14m00.0s

running (07m15.0s), 200/200 VUs, 744584 complete and 0 interrupted iterations
run    [  52% ] 200/200 VUs  07m15.0s/14m00.0s

running (07m16.0s), 200/200 VUs, 746581 complete and 0 interrupted iterations
run    [  52% ] 200/200 VUs  07m16.0s/14m00.0s

running (07m17.0s), 200/200 VUs, 748581 complete and 0 interrupted iterations
run    [  52% ] 200/200 VUs  07m17.0s/14m00.0s

running (07m18.0s), 200/200 VUs, 750580 complete and 0 interrupted iterations
run    [  52% ] 200/200 VUs  07m18.0s/14m00.0s

running (07m19.0s), 200/200 VUs, 752580 complete and 0 interrupted iterations
run    [  52% ] 200/200 VUs  07m19.0s/14m00.0s

running (07m20.0s), 200/200 VUs, 754580 complete and 0 interrupted iterations
run    [  52% ] 200/200 VUs  07m20.0s/14m00.0s

running (07m21.0s), 200/200 VUs, 756580 complete and 0 interrupted iterations
run    [  52% ] 200/200 VUs  07m21.0s/14m00.0s

running (07m22.0s), 200/200 VUs, 758580 complete and 0 interrupted iterations
run    [  53% ] 200/200 VUs  07m22.0s/14m00.0s

running (07m23.0s), 200/200 VUs, 760580 complete and 0 interrupted iterations
run    [  53% ] 200/200 VUs  07m23.0s/14m00.0s

running (07m24.0s), 200/200 VUs, 762580 complete and 0 interrupted iterations
run    [  53% ] 200/200 VUs  07m24.0s/14m00.0s

running (07m25.0s), 200/200 VUs, 764580 complete and 0 interrupted iterations
run    [  53% ] 200/200 VUs  07m25.0s/14m00.0s

running (07m26.0s), 200/200 VUs, 766579 complete and 0 interrupted iterations
run    [  53% ] 200/200 VUs  07m26.0s/14m00.0s

running (07m27.0s), 200/200 VUs, 768579 complete and 0 interrupted iterations
run    [  53% ] 200/200 VUs  07m27.0s/14m00.0s

running (07m28.0s), 200/200 VUs, 770579 complete and 0 interrupted iterations
run    [  53% ] 200/200 VUs  07m28.0s/14m00.0s

running (07m29.0s), 200/200 VUs, 772551 complete and 0 interrupted iterations
run    [  53% ] 200/200 VUs  07m29.0s/14m00.0s

running (07m30.0s), 200/200 VUs, 774520 complete and 0 interrupted iterations
run    [  54% ] 200/200 VUs  07m30.0s/14m00.0s

running (07m31.0s), 200/200 VUs, 776501 complete and 0 interrupted iterations
run    [  54% ] 200/200 VUs  07m31.0s/14m00.0s

running (07m32.0s), 200/200 VUs, 778458 complete and 0 interrupted iterations
run    [  54% ] 200/200 VUs  07m32.0s/14m00.0s

running (07m33.0s), 200/200 VUs, 780453 complete and 0 interrupted iterations
run    [  54% ] 200/200 VUs  07m33.0s/14m00.0s

running (07m34.0s), 200/200 VUs, 782421 complete and 0 interrupted iterations
run    [  54% ] 200/200 VUs  07m34.0s/14m00.0s

running (07m35.0s), 200/200 VUs, 784421 complete and 0 interrupted iterations
run    [  54% ] 200/200 VUs  07m35.0s/14m00.0s

running (07m36.0s), 200/200 VUs, 786416 complete and 0 interrupted iterations
run    [  54% ] 200/200 VUs  07m36.0s/14m00.0s

running (07m37.0s), 200/200 VUs, 788402 complete and 0 interrupted iterations
run    [  54% ] 200/200 VUs  07m37.0s/14m00.0s

running (07m38.0s), 200/200 VUs, 790388 complete and 0 interrupted iterations
run    [  55% ] 200/200 VUs  07m38.0s/14m00.0s

running (07m39.0s), 200/200 VUs, 792388 complete and 0 interrupted iterations
run    [  55% ] 200/200 VUs  07m39.0s/14m00.0s

running (07m40.0s), 200/200 VUs, 794380 complete and 0 interrupted iterations
run    [  55% ] 200/200 VUs  07m40.0s/14m00.0s

running (07m41.0s), 200/200 VUs, 796380 complete and 0 interrupted iterations
run    [  55% ] 200/200 VUs  07m41.0s/14m00.0s

running (07m42.0s), 200/200 VUs, 798380 complete and 0 interrupted iterations
run    [  55% ] 200/200 VUs  07m42.0s/14m00.0s

running (07m43.0s), 200/200 VUs, 800380 complete and 0 interrupted iterations
run    [  55% ] 200/200 VUs  07m43.0s/14m00.0s

running (07m44.0s), 200/200 VUs, 802380 complete and 0 interrupted iterations
run    [  55% ] 200/200 VUs  07m44.0s/14m00.0s

running (07m45.0s), 200/200 VUs, 804380 complete and 0 interrupted iterations
run    [  55% ] 200/200 VUs  07m45.0s/14m00.0s

running (07m46.0s), 200/200 VUs, 806380 complete and 0 interrupted iterations
run    [  55% ] 200/200 VUs  07m46.0s/14m00.0s

running (07m47.0s), 200/200 VUs, 808380 complete and 0 interrupted iterations
run    [  56% ] 200/200 VUs  07m47.0s/14m00.0s

running (07m48.0s), 200/200 VUs, 810380 complete and 0 interrupted iterations
run    [  56% ] 200/200 VUs  07m48.0s/14m00.0s

running (07m49.0s), 200/200 VUs, 812380 complete and 0 interrupted iterations
run    [  56% ] 200/200 VUs  07m49.0s/14m00.0s

running (07m50.0s), 200/200 VUs, 814364 complete and 0 interrupted iterations
run    [  56% ] 200/200 VUs  07m50.0s/14m00.0s

running (07m51.0s), 200/200 VUs, 816318 complete and 0 interrupted iterations
run    [  56% ] 200/200 VUs  07m51.0s/14m00.0s

running (07m52.0s), 200/200 VUs, 818297 complete and 0 interrupted iterations
run    [  56% ] 200/200 VUs  07m52.0s/14m00.0s

running (07m53.0s), 200/200 VUs, 820280 complete and 0 interrupted iterations
run    [  56% ] 200/200 VUs  07m53.0s/14m00.0s

running (07m54.0s), 200/200 VUs, 822252 complete and 0 interrupted iterations
run    [  56% ] 200/200 VUs  07m54.0s/14m00.0s

running (07m55.0s), 200/200 VUs, 824228 complete and 0 interrupted iterations
run    [  57% ] 200/200 VUs  07m55.0s/14m00.0s

running (07m56.0s), 200/200 VUs, 826209 complete and 0 interrupted iterations
run    [  57% ] 200/200 VUs  07m56.0s/14m00.0s

running (07m57.0s), 200/200 VUs, 828190 complete and 0 interrupted iterations
run    [  57% ] 200/200 VUs  07m57.0s/14m00.0s

running (07m58.0s), 200/200 VUs, 830184 complete and 0 interrupted iterations
run    [  57% ] 200/200 VUs  07m58.0s/14m00.0s

running (07m59.0s), 200/200 VUs, 832183 complete and 0 interrupted iterations
run    [  57% ] 200/200 VUs  07m59.0s/14m00.0s

running (08m00.0s), 200/200 VUs, 834183 complete and 0 interrupted iterations
run    [  57% ] 200/200 VUs  08m00.0s/14m00.0s

running (08m01.0s), 200/200 VUs, 836183 complete and 0 interrupted iterations
run    [  57% ] 200/200 VUs  08m01.0s/14m00.0s

running (08m02.0s), 200/200 VUs, 838183 complete and 0 interrupted iterations
run    [  57% ] 200/200 VUs  08m02.0s/14m00.0s

running (08m03.0s), 200/200 VUs, 840183 complete and 0 interrupted iterations
run    [  57% ] 200/200 VUs  08m03.0s/14m00.0s

running (08m04.0s), 200/200 VUs, 842183 complete and 0 interrupted iterations
run    [  58% ] 200/200 VUs  08m04.0s/14m00.0s

running (08m05.0s), 200/200 VUs, 844181 complete and 0 interrupted iterations
run    [  58% ] 200/200 VUs  08m05.0s/14m00.0s

running (08m06.0s), 200/200 VUs, 846181 complete and 0 interrupted iterations
run    [  58% ] 200/200 VUs  08m06.0s/14m00.0s

running (08m07.0s), 200/200 VUs, 848181 complete and 0 interrupted iterations
run    [  58% ] 200/200 VUs  08m07.0s/14m00.0s

running (08m08.0s), 200/200 VUs, 850180 complete and 0 interrupted iterations
run    [  58% ] 200/200 VUs  08m08.0s/14m00.0s

running (08m09.0s), 200/200 VUs, 852180 complete and 0 interrupted iterations
run    [  58% ] 200/200 VUs  08m09.0s/14m00.0s

running (08m10.0s), 200/200 VUs, 854180 complete and 0 interrupted iterations
run    [  58% ] 200/200 VUs  08m10.0s/14m00.0s

running (08m11.0s), 200/200 VUs, 856162 complete and 0 interrupted iterations
run    [  58% ] 200/200 VUs  08m11.0s/14m00.0s

running (08m12.0s), 200/200 VUs, 858156 complete and 0 interrupted iterations
run    [  59% ] 200/200 VUs  08m12.0s/14m00.0s

running (08m13.0s), 200/200 VUs, 860114 complete and 0 interrupted iterations
run    [  59% ] 200/200 VUs  08m13.0s/14m00.0s

running (08m14.0s), 200/200 VUs, 862097 complete and 0 interrupted iterations
run    [  59% ] 200/200 VUs  08m14.0s/14m00.0s

running (08m15.0s), 200/200 VUs, 864088 complete and 0 interrupted iterations
run    [  59% ] 200/200 VUs  08m15.0s/14m00.0s

running (08m16.0s), 200/200 VUs, 866068 complete and 0 interrupted iterations
run    [  59% ] 200/200 VUs  08m16.0s/14m00.0s

running (08m17.0s), 200/200 VUs, 868058 complete and 0 interrupted iterations
run    [  59% ] 200/200 VUs  08m17.0s/14m00.0s

running (08m18.0s), 200/200 VUs, 870046 complete and 0 interrupted iterations
run    [  59% ] 200/200 VUs  08m18.0s/14m00.0s

running (08m19.0s), 200/200 VUs, 872015 complete and 0 interrupted iterations
run    [  59% ] 200/200 VUs  08m19.0s/14m00.0s

running (08m20.0s), 200/200 VUs, 874004 complete and 0 interrupted iterations
run    [  60% ] 200/200 VUs  08m20.0s/14m00.0s

running (08m21.0s), 200/200 VUs, 876000 complete and 0 interrupted iterations
run    [  60% ] 200/200 VUs  08m21.0s/14m00.0s

running (08m22.0s), 200/200 VUs, 877988 complete and 0 interrupted iterations
run    [  60% ] 200/200 VUs  08m22.0s/14m00.0s

running (08m23.0s), 200/200 VUs, 879987 complete and 0 interrupted iterations
run    [  60% ] 200/200 VUs  08m23.0s/14m00.0s

running (08m24.0s), 200/200 VUs, 881983 complete and 0 interrupted iterations
run    [  60% ] 200/200 VUs  08m24.0s/14m00.0s

running (08m25.0s), 200/200 VUs, 883983 complete and 0 interrupted iterations
run    [  60% ] 200/200 VUs  08m25.0s/14m00.0s

running (08m26.0s), 200/200 VUs, 885983 complete and 0 interrupted iterations
run    [  60% ] 200/200 VUs  08m26.0s/14m00.0s

running (08m27.0s), 200/200 VUs, 887983 complete and 0 interrupted iterations
run    [  60% ] 200/200 VUs  08m27.0s/14m00.0s

running (08m28.0s), 200/200 VUs, 889983 complete and 0 interrupted iterations
run    [  60% ] 200/200 VUs  08m28.0s/14m00.0s

running (08m29.0s), 200/200 VUs, 891983 complete and 0 interrupted iterations
run    [  61% ] 200/200 VUs  08m29.0s/14m00.0s

running (08m30.0s), 200/200 VUs, 893983 complete and 0 interrupted iterations
run    [  61% ] 200/200 VUs  08m30.0s/14m00.0s

running (08m31.0s), 200/200 VUs, 895982 complete and 0 interrupted iterations
run    [  61% ] 200/200 VUs  08m31.0s/14m00.0s

running (08m32.0s), 200/200 VUs, 897966 complete and 0 interrupted iterations
run    [  61% ] 200/200 VUs  08m32.0s/14m00.0s

running (08m33.0s), 200/200 VUs, 899941 complete and 0 interrupted iterations
run    [  61% ] 200/200 VUs  08m33.0s/14m00.0s

running (08m34.0s), 200/200 VUs, 901928 complete and 0 interrupted iterations
run    [  61% ] 200/200 VUs  08m34.0s/14m00.0s

running (08m35.0s), 200/200 VUs, 903925 complete and 0 interrupted iterations
run    [  61% ] 200/200 VUs  08m35.0s/14m00.0s

running (08m36.0s), 200/200 VUs, 905916 complete and 0 interrupted iterations
run    [  61% ] 200/200 VUs  08m36.0s/14m00.0s

running (08m37.0s), 200/200 VUs, 907916 complete and 0 interrupted iterations
run    [  62% ] 200/200 VUs  08m37.0s/14m00.0s

running (08m38.0s), 200/200 VUs, 909883 complete and 0 interrupted iterations
run    [  62% ] 200/200 VUs  08m38.0s/14m00.0s

running (08m39.0s), 200/200 VUs, 911850 complete and 0 interrupted iterations
run    [  62% ] 200/200 VUs  08m39.0s/14m00.0s

running (08m40.0s), 200/200 VUs, 913825 complete and 0 interrupted iterations
run    [  62% ] 200/200 VUs  08m40.0s/14m00.0s

running (08m41.0s), 200/200 VUs, 915807 complete and 0 interrupted iterations
run    [  62% ] 200/200 VUs  08m41.0s/14m00.0s

running (08m42.0s), 200/200 VUs, 917804 complete and 0 interrupted iterations
run    [  62% ] 200/200 VUs  08m42.0s/14m00.0s

running (08m43.0s), 200/200 VUs, 919804 complete and 0 interrupted iterations
run    [  62% ] 200/200 VUs  08m43.0s/14m00.0s

running (08m44.0s), 200/200 VUs, 921803 complete and 0 interrupted iterations
run    [  62% ] 200/200 VUs  08m44.0s/14m00.0s

running (08m45.0s), 200/200 VUs, 923798 complete and 0 interrupted iterations
run    [  62% ] 200/200 VUs  08m45.0s/14m00.0s

running (08m46.0s), 200/200 VUs, 925787 complete and 0 interrupted iterations
run    [  63% ] 200/200 VUs  08m46.0s/14m00.0s

running (08m47.0s), 200/200 VUs, 927779 complete and 0 interrupted iterations
run    [  63% ] 200/200 VUs  08m47.0s/14m00.0s

running (08m48.0s), 200/200 VUs, 929779 complete and 0 interrupted iterations
run    [  63% ] 200/200 VUs  08m48.0s/14m00.0s

running (08m49.0s), 200/200 VUs, 931774 complete and 0 interrupted iterations
run    [  63% ] 200/200 VUs  08m49.0s/14m00.0s

running (08m50.0s), 200/200 VUs, 933774 complete and 0 interrupted iterations
run    [  63% ] 200/200 VUs  08m50.0s/14m00.0s

running (08m51.0s), 200/200 VUs, 935774 complete and 0 interrupted iterations
run    [  63% ] 200/200 VUs  08m51.0s/14m00.0s

running (08m52.0s), 200/200 VUs, 937773 complete and 0 interrupted iterations
run    [  63% ] 200/200 VUs  08m52.0s/14m00.0s

running (08m53.0s), 200/200 VUs, 939767 complete and 0 interrupted iterations
run    [  63% ] 200/200 VUs  08m53.0s/14m00.0s

running (08m54.0s), 200/200 VUs, 941767 complete and 0 interrupted iterations
run    [  64% ] 200/200 VUs  08m54.0s/14m00.0s

running (08m55.0s), 200/200 VUs, 943735 complete and 0 interrupted iterations
run    [  64% ] 200/200 VUs  08m55.0s/14m00.0s

running (08m56.0s), 200/200 VUs, 945730 complete and 0 interrupted iterations
run    [  64% ] 200/200 VUs  08m56.0s/14m00.0s

running (08m57.0s), 200/200 VUs, 947723 complete and 0 interrupted iterations
run    [  64% ] 200/200 VUs  08m57.0s/14m00.0s

running (08m58.0s), 200/200 VUs, 949718 complete and 0 interrupted iterations
run    [  64% ] 200/200 VUs  08m58.0s/14m00.0s

running (08m59.0s), 200/200 VUs, 951675 complete and 0 interrupted iterations
run    [  64% ] 200/200 VUs  08m59.0s/14m00.0s

running (09m00.0s), 200/200 VUs, 953635 complete and 0 interrupted iterations
run    [  64% ] 200/200 VUs  09m00.0s/14m00.0s

running (09m01.0s), 200/200 VUs, 955628 complete and 0 interrupted iterations
run    [  64% ] 200/200 VUs  09m01.0s/14m00.0s

running (09m02.0s), 200/200 VUs, 957626 complete and 0 interrupted iterations
run    [  65% ] 200/200 VUs  09m02.0s/14m00.0s

running (09m03.0s), 200/200 VUs, 959620 complete and 0 interrupted iterations
run    [  65% ] 200/200 VUs  09m03.0s/14m00.0s

running (09m04.0s), 200/200 VUs, 961615 complete and 0 interrupted iterations
run    [  65% ] 200/200 VUs  09m04.0s/14m00.0s

running (09m05.0s), 200/200 VUs, 963614 complete and 0 interrupted iterations
run    [  65% ] 200/200 VUs  09m05.0s/14m00.0s

running (09m06.0s), 200/200 VUs, 965610 complete and 0 interrupted iterations
run    [  65% ] 200/200 VUs  09m06.0s/14m00.0s

running (09m07.0s), 200/200 VUs, 967605 complete and 0 interrupted iterations
run    [  65% ] 200/200 VUs  09m07.0s/14m00.0s

running (09m08.0s), 200/200 VUs, 969583 complete and 0 interrupted iterations
run    [  65% ] 200/200 VUs  09m08.0s/14m00.0s

running (09m09.0s), 200/200 VUs, 971577 complete and 0 interrupted iterations
run    [  65% ] 200/200 VUs  09m09.0s/14m00.0s

running (09m10.0s), 200/200 VUs, 973576 complete and 0 interrupted iterations
run    [  65% ] 200/200 VUs  09m10.0s/14m00.0s

running (09m11.0s), 200/200 VUs, 975574 complete and 0 interrupted iterations
run    [  66% ] 200/200 VUs  09m11.0s/14m00.0s

running (09m12.0s), 200/200 VUs, 977574 complete and 0 interrupted iterations
run    [  66% ] 200/200 VUs  09m12.0s/14m00.0s

running (09m13.0s), 200/200 VUs, 979574 complete and 0 interrupted iterations
run    [  66% ] 200/200 VUs  09m13.0s/14m00.0s

running (09m14.0s), 200/200 VUs, 981574 complete and 0 interrupted iterations
run    [  66% ] 200/200 VUs  09m14.0s/14m00.0s

running (09m15.0s), 200/200 VUs, 983574 complete and 0 interrupted iterations
run    [  66% ] 200/200 VUs  09m15.0s/14m00.0s

running (09m16.0s), 200/200 VUs, 985572 complete and 0 interrupted iterations
run    [  66% ] 200/200 VUs  09m16.0s/14m00.0s

running (09m17.0s), 200/200 VUs, 987548 complete and 0 interrupted iterations
run    [  66% ] 200/200 VUs  09m17.0s/14m00.0s

running (09m18.0s), 200/200 VUs, 989538 complete and 0 interrupted iterations
run    [  66% ] 200/200 VUs  09m18.0s/14m00.0s

running (09m19.0s), 200/200 VUs, 991515 complete and 0 interrupted iterations
run    [  67% ] 200/200 VUs  09m19.0s/14m00.0s

running (09m20.0s), 200/200 VUs, 993486 complete and 0 interrupted iterations
run    [  67% ] 200/200 VUs  09m20.0s/14m00.0s

running (09m21.0s), 200/200 VUs, 995475 complete and 0 interrupted iterations
run    [  67% ] 200/200 VUs  09m21.0s/14m00.0s

running (09m22.0s), 200/200 VUs, 997463 complete and 0 interrupted iterations
run    [  67% ] 200/200 VUs  09m22.0s/14m00.0s

running (09m23.0s), 200/200 VUs, 999446 complete and 0 interrupted iterations
run    [  67% ] 200/200 VUs  09m23.0s/14m00.0s

running (09m24.0s), 200/200 VUs, 1001444 complete and 0 interrupted iterations
run    [  67% ] 200/200 VUs  09m24.0s/14m00.0s

running (09m25.0s), 200/200 VUs, 1003443 complete and 0 interrupted iterations
run    [  67% ] 200/200 VUs  09m25.0s/14m00.0s

running (09m26.0s), 200/200 VUs, 1005431 complete and 0 interrupted iterations
run    [  67% ] 200/200 VUs  09m26.0s/14m00.0s

running (09m27.0s), 200/200 VUs, 1007428 complete and 0 interrupted iterations
run    [  67% ] 200/200 VUs  09m27.0s/14m00.0s

running (09m28.0s), 200/200 VUs, 1009428 complete and 0 interrupted iterations
run    [  68% ] 200/200 VUs  09m28.0s/14m00.0s

running (09m29.0s), 200/200 VUs, 1011410 complete and 0 interrupted iterations
run    [  68% ] 200/200 VUs  09m29.0s/14m00.0s

running (09m30.0s), 200/200 VUs, 1013384 complete and 0 interrupted iterations
run    [  68% ] 200/200 VUs  09m30.0s/14m00.0s

running (09m31.0s), 200/200 VUs, 1015379 complete and 0 interrupted iterations
run    [  68% ] 200/200 VUs  09m31.0s/14m00.0s

running (09m32.0s), 200/200 VUs, 1017379 complete and 0 interrupted iterations
run    [  68% ] 200/200 VUs  09m32.0s/14m00.0s

running (09m33.0s), 200/200 VUs, 1019377 complete and 0 interrupted iterations
run    [  68% ] 200/200 VUs  09m33.0s/14m00.0s

running (09m34.0s), 200/200 VUs, 1021377 complete and 0 interrupted iterations
run    [  68% ] 200/200 VUs  09m34.0s/14m00.0s

running (09m35.0s), 200/200 VUs, 1023377 complete and 0 interrupted iterations
run    [  68% ] 200/200 VUs  09m35.0s/14m00.0s

running (09m36.0s), 200/200 VUs, 1025377 complete and 0 interrupted iterations
run    [  69% ] 200/200 VUs  09m36.0s/14m00.0s

running (09m37.0s), 200/200 VUs, 1027360 complete and 0 interrupted iterations
run    [  69% ] 200/200 VUs  09m37.0s/14m00.0s

running (09m38.0s), 200/200 VUs, 1029355 complete and 0 interrupted iterations
run    [  69% ] 200/200 VUs  09m38.0s/14m00.0s

running (09m39.0s), 200/200 VUs, 1031316 complete and 0 interrupted iterations
run    [  69% ] 200/200 VUs  09m39.0s/14m00.0s

running (09m40.0s), 200/200 VUs, 1033303 complete and 0 interrupted iterations
run    [  69% ] 200/200 VUs  09m40.0s/14m00.0s

running (09m41.0s), 200/200 VUs, 1035286 complete and 0 interrupted iterations
run    [  69% ] 200/200 VUs  09m41.0s/14m00.0s

running (09m42.0s), 200/200 VUs, 1037274 complete and 0 interrupted iterations
run    [  69% ] 200/200 VUs  09m42.0s/14m00.0s

running (09m43.0s), 200/200 VUs, 1039262 complete and 0 interrupted iterations
run    [  69% ] 200/200 VUs  09m43.0s/14m00.0s

running (09m44.0s), 200/200 VUs, 1041260 complete and 0 interrupted iterations
run    [  70% ] 200/200 VUs  09m44.0s/14m00.0s

running (09m45.0s), 200/200 VUs, 1043253 complete and 0 interrupted iterations
run    [  70% ] 200/200 VUs  09m45.0s/14m00.0s

running (09m46.0s), 200/200 VUs, 1045241 complete and 0 interrupted iterations
run    [  70% ] 200/200 VUs  09m46.0s/14m00.0s

running (09m47.0s), 200/200 VUs, 1047237 complete and 0 interrupted iterations
run    [  70% ] 200/200 VUs  09m47.0s/14m00.0s

running (09m48.0s), 200/200 VUs, 1049234 complete and 0 interrupted iterations
run    [  70% ] 200/200 VUs  09m48.0s/14m00.0s

running (09m49.0s), 200/200 VUs, 1051232 complete and 0 interrupted iterations
run    [  70% ] 200/200 VUs  09m49.0s/14m00.0s

running (09m50.0s), 200/200 VUs, 1053232 complete and 0 interrupted iterations
run    [  70% ] 200/200 VUs  09m50.0s/14m00.0s

running (09m51.0s), 200/200 VUs, 1055232 complete and 0 interrupted iterations
run    [  70% ] 200/200 VUs  09m51.0s/14m00.0s

running (09m52.0s), 200/200 VUs, 1057200 complete and 0 interrupted iterations
run    [  70% ] 200/200 VUs  09m52.0s/14m00.0s

running (09m53.0s), 200/200 VUs, 1059195 complete and 0 interrupted iterations
run    [  71% ] 200/200 VUs  09m53.0s/14m00.0s

running (09m54.0s), 200/200 VUs, 1061185 complete and 0 interrupted iterations
run    [  71% ] 200/200 VUs  09m54.0s/14m00.0s

running (09m55.0s), 200/200 VUs, 1063182 complete and 0 interrupted iterations
run    [  71% ] 200/200 VUs  09m55.0s/14m00.0s

running (09m56.0s), 200/200 VUs, 1065177 complete and 0 interrupted iterations
run    [  71% ] 200/200 VUs  09m56.0s/14m00.0s

running (09m57.0s), 200/200 VUs, 1067177 complete and 0 interrupted iterations
run    [  71% ] 200/200 VUs  09m57.0s/14m00.0s

running (09m58.0s), 200/200 VUs, 1069177 complete and 0 interrupted iterations
run    [  71% ] 200/200 VUs  09m58.0s/14m00.0s

running (09m59.0s), 200/200 VUs, 1071147 complete and 0 interrupted iterations
run    [  71% ] 200/200 VUs  09m59.0s/14m00.0s

running (10m00.0s), 200/200 VUs, 1073136 complete and 0 interrupted iterations
run    [  71% ] 200/200 VUs  10m00.0s/14m00.0s

running (10m01.0s), 200/200 VUs, 1075125 complete and 0 interrupted iterations
run    [  72% ] 200/200 VUs  10m01.0s/14m00.0s

running (10m02.0s), 200/200 VUs, 1077118 complete and 0 interrupted iterations
run    [  72% ] 200/200 VUs  10m02.0s/14m00.0s

running (10m03.0s), 200/200 VUs, 1079117 complete and 0 interrupted iterations
run    [  72% ] 200/200 VUs  10m03.0s/14m00.0s

running (10m04.0s), 200/200 VUs, 1081114 complete and 0 interrupted iterations
run    [  72% ] 200/200 VUs  10m04.0s/14m00.0s

running (10m05.0s), 200/200 VUs, 1083111 complete and 0 interrupted iterations
run    [  72% ] 200/200 VUs  10m05.0s/14m00.0s

running (10m06.0s), 200/200 VUs, 1085108 complete and 0 interrupted iterations
run    [  72% ] 200/200 VUs  10m06.0s/14m00.0s

running (10m07.0s), 200/200 VUs, 1087082 complete and 0 interrupted iterations
run    [  72% ] 200/200 VUs  10m07.0s/14m00.0s

running (10m08.0s), 200/200 VUs, 1089072 complete and 0 interrupted iterations
run    [  72% ] 200/200 VUs  10m08.0s/14m00.0s

running (10m09.0s), 200/200 VUs, 1091054 complete and 0 interrupted iterations
run    [  72% ] 200/200 VUs  10m09.0s/14m00.0s

running (10m10.0s), 200/200 VUs, 1093050 complete and 0 interrupted iterations
run    [  73% ] 200/200 VUs  10m10.0s/14m00.0s

running (10m11.0s), 200/200 VUs, 1095046 complete and 0 interrupted iterations
run    [  73% ] 200/200 VUs  10m11.0s/14m00.0s

running (10m12.0s), 200/200 VUs, 1097031 complete and 0 interrupted iterations
run    [  73% ] 200/200 VUs  10m12.0s/14m00.0s

running (10m13.0s), 200/200 VUs, 1099018 complete and 0 interrupted iterations
run    [  73% ] 200/200 VUs  10m13.0s/14m00.0s

running (10m14.0s), 200/200 VUs, 1101004 complete and 0 interrupted iterations
run    [  73% ] 200/200 VUs  10m14.0s/14m00.0s

running (10m15.0s), 200/200 VUs, 1103004 complete and 0 interrupted iterations
run    [  73% ] 200/200 VUs  10m15.0s/14m00.0s

running (10m16.0s), 200/200 VUs, 1104998 complete and 0 interrupted iterations
run    [  73% ] 200/200 VUs  10m16.0s/14m00.0s

running (10m17.0s), 200/200 VUs, 1106995 complete and 0 interrupted iterations
run    [  73% ] 200/200 VUs  10m17.0s/14m00.0s

running (10m18.0s), 200/200 VUs, 1108989 complete and 0 interrupted iterations
run    [  74% ] 200/200 VUs  10m18.0s/14m00.0s

running (10m19.0s), 200/200 VUs, 1110983 complete and 0 interrupted iterations
run    [  74% ] 200/200 VUs  10m19.0s/14m00.0s

running (10m20.0s), 200/200 VUs, 1112853 complete and 0 interrupted iterations
run    [  74% ] 200/200 VUs  10m20.0s/14m00.0s

running (10m21.0s), 200/200 VUs, 1114605 complete and 0 interrupted iterations
run    [  74% ] 200/200 VUs  10m21.0s/14m00.0s

running (10m22.0s), 200/200 VUs, 1116554 complete and 0 interrupted iterations
run    [  74% ] 200/200 VUs  10m22.0s/14m00.0s

running (10m23.0s), 200/200 VUs, 1118539 complete and 0 interrupted iterations
run    [  74% ] 200/200 VUs  10m23.0s/14m00.0s

running (10m24.0s), 200/200 VUs, 1120534 complete and 0 interrupted iterations
run    [  74% ] 200/200 VUs  10m24.0s/14m00.0s

running (10m25.0s), 200/200 VUs, 1122532 complete and 0 interrupted iterations
run    [  74% ] 200/200 VUs  10m25.0s/14m00.0s

running (10m26.0s), 200/200 VUs, 1124526 complete and 0 interrupted iterations
run    [  75% ] 200/200 VUs  10m26.0s/14m00.0s

running (10m27.0s), 200/200 VUs, 1126520 complete and 0 interrupted iterations
run    [  75% ] 200/200 VUs  10m27.0s/14m00.0s

running (10m28.0s), 200/200 VUs, 1128519 complete and 0 interrupted iterations
run    [  75% ] 200/200 VUs  10m28.0s/14m00.0s

running (10m29.0s), 200/200 VUs, 1130516 complete and 0 interrupted iterations
run    [  75% ] 200/200 VUs  10m29.0s/14m00.0s

running (10m30.0s), 200/200 VUs, 1132516 complete and 0 interrupted iterations
run    [  75% ] 200/200 VUs  10m30.0s/14m00.0s

running (10m31.0s), 200/200 VUs, 1134506 complete and 0 interrupted iterations
run    [  75% ] 200/200 VUs  10m31.0s/14m00.0s

running (10m32.0s), 200/200 VUs, 1136483 complete and 0 interrupted iterations
run    [  75% ] 200/200 VUs  10m32.0s/14m00.0s

running (10m33.0s), 200/200 VUs, 1138483 complete and 0 interrupted iterations
run    [  75% ] 200/200 VUs  10m33.0s/14m00.0s

running (10m34.0s), 200/200 VUs, 1140483 complete and 0 interrupted iterations
run    [  75% ] 200/200 VUs  10m34.0s/14m00.0s

running (10m35.0s), 200/200 VUs, 1142483 complete and 0 interrupted iterations
run    [  76% ] 200/200 VUs  10m35.0s/14m00.0s

running (10m36.0s), 200/200 VUs, 1144483 complete and 0 interrupted iterations
run    [  76% ] 200/200 VUs  10m36.0s/14m00.0s

running (10m37.0s), 200/200 VUs, 1146483 complete and 0 interrupted iterations
run    [  76% ] 200/200 VUs  10m37.0s/14m00.0s

running (10m38.0s), 200/200 VUs, 1148475 complete and 0 interrupted iterations
run    [  76% ] 200/200 VUs  10m38.0s/14m00.0s

running (10m39.0s), 200/200 VUs, 1150455 complete and 0 interrupted iterations
run    [  76% ] 200/200 VUs  10m39.0s/14m00.0s

running (10m40.0s), 200/200 VUs, 1152437 complete and 0 interrupted iterations
run    [  76% ] 200/200 VUs  10m40.0s/14m00.0s

running (10m41.0s), 200/200 VUs, 1154436 complete and 0 interrupted iterations
run    [  76% ] 200/200 VUs  10m41.0s/14m00.0s

running (10m42.0s), 200/200 VUs, 1156429 complete and 0 interrupted iterations
run    [  76% ] 200/200 VUs  10m42.0s/14m00.0s

running (10m43.0s), 200/200 VUs, 1158402 complete and 0 interrupted iterations
run    [  77% ] 200/200 VUs  10m43.0s/14m00.0s

running (10m44.0s), 200/200 VUs, 1160317 complete and 0 interrupted iterations
run    [  77% ] 200/200 VUs  10m44.0s/14m00.0s

running (10m45.0s), 200/200 VUs, 1162317 complete and 0 interrupted iterations
run    [  77% ] 200/200 VUs  10m45.0s/14m00.0s

running (10m46.0s), 200/200 VUs, 1164317 complete and 0 interrupted iterations
run    [  77% ] 200/200 VUs  10m46.0s/14m00.0s

running (10m47.0s), 200/200 VUs, 1166317 complete and 0 interrupted iterations
run    [  77% ] 200/200 VUs  10m47.0s/14m00.0s

running (10m48.0s), 200/200 VUs, 1168317 complete and 0 interrupted iterations
run    [  77% ] 200/200 VUs  10m48.0s/14m00.0s

running (10m49.0s), 200/200 VUs, 1170317 complete and 0 interrupted iterations
run    [  77% ] 200/200 VUs  10m49.0s/14m00.0s

running (10m50.0s), 200/200 VUs, 1172317 complete and 0 interrupted iterations
run    [  77% ] 200/200 VUs  10m50.0s/14m00.0s

running (10m51.0s), 200/200 VUs, 1174317 complete and 0 interrupted iterations
run    [  77% ] 200/200 VUs  10m51.0s/14m00.0s

running (10m52.0s), 200/200 VUs, 1176290 complete and 0 interrupted iterations
run    [  78% ] 200/200 VUs  10m52.0s/14m00.0s

running (10m53.0s), 200/200 VUs, 1178286 complete and 0 interrupted iterations
run    [  78% ] 200/200 VUs  10m53.0s/14m00.0s

running (10m54.0s), 200/200 VUs, 1180286 complete and 0 interrupted iterations
run    [  78% ] 200/200 VUs  10m54.0s/14m00.0s

running (10m55.0s), 200/200 VUs, 1182284 complete and 0 interrupted iterations
run    [  78% ] 200/200 VUs  10m55.0s/14m00.0s

running (10m56.0s), 200/200 VUs, 1184284 complete and 0 interrupted iterations
run    [  78% ] 200/200 VUs  10m56.0s/14m00.0s

running (10m57.0s), 200/200 VUs, 1186283 complete and 0 interrupted iterations
run    [  78% ] 200/200 VUs  10m57.0s/14m00.0s

running (10m58.0s), 200/200 VUs, 1188283 complete and 0 interrupted iterations
run    [  78% ] 200/200 VUs  10m58.0s/14m00.0s

running (10m59.0s), 200/200 VUs, 1190277 complete and 0 interrupted iterations
run    [  78% ] 200/200 VUs  10m59.0s/14m00.0s

running (11m00.0s), 200/200 VUs, 1192230 complete and 0 interrupted iterations
run    [  79% ] 200/200 VUs  11m00.0s/14m00.0s

running (11m01.0s), 200/200 VUs, 1194208 complete and 0 interrupted iterations
run    [  79% ] 200/200 VUs  11m01.0s/14m00.0s

running (11m02.0s), 200/200 VUs, 1196170 complete and 0 interrupted iterations
run    [  79% ] 200/200 VUs  11m02.0s/14m00.0s

running (11m03.0s), 200/200 VUs, 1198152 complete and 0 interrupted iterations
run    [  79% ] 200/200 VUs  11m03.0s/14m00.0s

running (11m04.0s), 200/200 VUs, 1200135 complete and 0 interrupted iterations
run    [  79% ] 200/200 VUs  11m04.0s/14m00.0s

running (11m05.0s), 200/200 VUs, 1202134 complete and 0 interrupted iterations
run    [  79% ] 200/200 VUs  11m05.0s/14m00.0s

running (11m06.0s), 200/200 VUs, 1204118 complete and 0 interrupted iterations
run    [  79% ] 200/200 VUs  11m06.0s/14m00.0s

running (11m07.0s), 200/200 VUs, 1206118 complete and 0 interrupted iterations
run    [  79% ] 200/200 VUs  11m07.0s/14m00.0s

running (11m08.0s), 200/200 VUs, 1208117 complete and 0 interrupted iterations
run    [  80% ] 200/200 VUs  11m08.0s/14m00.0s

running (11m09.0s), 200/200 VUs, 1210117 complete and 0 interrupted iterations
run    [  80% ] 200/200 VUs  11m09.0s/14m00.0s

running (11m10.0s), 200/200 VUs, 1212117 complete and 0 interrupted iterations
run    [  80% ] 200/200 VUs  11m10.0s/14m00.0s

running (11m11.0s), 200/200 VUs, 1214117 complete and 0 interrupted iterations
run    [  80% ] 200/200 VUs  11m11.0s/14m00.0s

running (11m12.0s), 200/200 VUs, 1216117 complete and 0 interrupted iterations
run    [  80% ] 200/200 VUs  11m12.0s/14m00.0s

running (11m13.0s), 200/200 VUs, 1218116 complete and 0 interrupted iterations
run    [  80% ] 200/200 VUs  11m13.0s/14m00.0s

running (11m14.0s), 200/200 VUs, 1220097 complete and 0 interrupted iterations
run    [  80% ] 200/200 VUs  11m14.0s/14m00.0s

running (11m15.0s), 200/200 VUs, 1222097 complete and 0 interrupted iterations
run    [  80% ] 200/200 VUs  11m15.0s/14m00.0s

running (11m16.0s), 200/200 VUs, 1224097 complete and 0 interrupted iterations
run    [  80% ] 200/200 VUs  11m16.0s/14m00.0s

running (11m17.0s), 200/200 VUs, 1226047 complete and 0 interrupted iterations
run    [  81% ] 200/200 VUs  11m17.0s/14m00.0s

running (11m18.0s), 200/200 VUs, 1228004 complete and 0 interrupted iterations
run    [  81% ] 200/200 VUs  11m18.0s/14m00.0s

running (11m19.0s), 200/200 VUs, 1229991 complete and 0 interrupted iterations
run    [  81% ] 200/200 VUs  11m19.0s/14m00.0s

running (11m20.0s), 200/200 VUs, 1231991 complete and 0 interrupted iterations
run    [  81% ] 200/200 VUs  11m20.0s/14m00.0s

running (11m21.0s), 200/200 VUs, 1233961 complete and 0 interrupted iterations
run    [  81% ] 200/200 VUs  11m21.0s/14m00.0s

running (11m22.0s), 200/200 VUs, 1235940 complete and 0 interrupted iterations
run    [  81% ] 200/200 VUs  11m22.0s/14m00.0s

running (11m23.0s), 200/200 VUs, 1237929 complete and 0 interrupted iterations
run    [  81% ] 200/200 VUs  11m23.0s/14m00.0s

running (11m24.0s), 200/200 VUs, 1239927 complete and 0 interrupted iterations
run    [  81% ] 200/200 VUs  11m24.0s/14m00.0s

running (11m25.0s), 200/200 VUs, 1241917 complete and 0 interrupted iterations
run    [  82% ] 200/200 VUs  11m25.0s/14m00.0s

running (11m26.0s), 200/200 VUs, 1243917 complete and 0 interrupted iterations
run    [  82% ] 200/200 VUs  11m26.0s/14m00.0s

running (11m27.0s), 200/200 VUs, 1245917 complete and 0 interrupted iterations
run    [  82% ] 200/200 VUs  11m27.0s/14m00.0s

running (11m28.0s), 200/200 VUs, 1247773 complete and 0 interrupted iterations
run    [  82% ] 200/200 VUs  11m28.0s/14m00.0s

running (11m29.0s), 200/200 VUs, 1249728 complete and 0 interrupted iterations
run    [  82% ] 200/200 VUs  11m29.0s/14m00.0s

running (11m30.0s), 200/200 VUs, 1251728 complete and 0 interrupted iterations
run    [  82% ] 200/200 VUs  11m30.0s/14m00.0s

running (11m31.0s), 200/200 VUs, 1253728 complete and 0 interrupted iterations
run    [  82% ] 200/200 VUs  11m31.0s/14m00.0s

running (11m32.0s), 200/200 VUs, 1255726 complete and 0 interrupted iterations
run    [  82% ] 200/200 VUs  11m32.0s/14m00.0s

running (11m33.0s), 200/200 VUs, 1257668 complete and 0 interrupted iterations
run    [  82% ] 200/200 VUs  11m33.0s/14m00.0s

running (11m34.0s), 200/200 VUs, 1259537 complete and 0 interrupted iterations
run    [  83% ] 200/200 VUs  11m34.0s/14m00.0s

running (11m35.0s), 200/200 VUs, 1261537 complete and 0 interrupted iterations
run    [  83% ] 200/200 VUs  11m35.0s/14m00.0s

running (11m36.0s), 200/200 VUs, 1263537 complete and 0 interrupted iterations
run    [  83% ] 200/200 VUs  11m36.0s/14m00.0s

running (11m37.0s), 200/200 VUs, 1265533 complete and 0 interrupted iterations
run    [  83% ] 200/200 VUs  11m37.0s/14m00.0s

running (11m38.0s), 200/200 VUs, 1267416 complete and 0 interrupted iterations
run    [  83% ] 200/200 VUs  11m38.0s/14m00.0s

running (11m39.0s), 200/200 VUs, 1269347 complete and 0 interrupted iterations
run    [  83% ] 200/200 VUs  11m39.0s/14m00.0s

running (11m40.0s), 200/200 VUs, 1271347 complete and 0 interrupted iterations
run    [  83% ] 200/200 VUs  11m40.0s/14m00.0s

running (11m41.0s), 200/200 VUs, 1273347 complete and 0 interrupted iterations
run    [  83% ] 200/200 VUs  11m41.0s/14m00.0s

running (11m42.0s), 200/200 VUs, 1275347 complete and 0 interrupted iterations
run    [  84% ] 200/200 VUs  11m42.0s/14m00.0s

running (11m43.0s), 200/200 VUs, 1277344 complete and 0 interrupted iterations
run    [  84% ] 200/200 VUs  11m43.0s/14m00.0s

running (11m44.0s), 200/200 VUs, 1279344 complete and 0 interrupted iterations
run    [  84% ] 200/200 VUs  11m44.0s/14m00.0s

running (11m45.0s), 200/200 VUs, 1281344 complete and 0 interrupted iterations
run    [  84% ] 200/200 VUs  11m45.0s/14m00.0s

running (11m46.0s), 200/200 VUs, 1283341 complete and 0 interrupted iterations
run    [  84% ] 200/200 VUs  11m46.0s/14m00.0s

running (11m47.0s), 200/200 VUs, 1285282 complete and 0 interrupted iterations
run    [  84% ] 200/200 VUs  11m47.0s/14m00.0s

running (11m48.0s), 200/200 VUs, 1287268 complete and 0 interrupted iterations
run    [  84% ] 200/200 VUs  11m48.0s/14m00.0s

running (11m49.0s), 200/200 VUs, 1289204 complete and 0 interrupted iterations
run    [  84% ] 200/200 VUs  11m49.0s/14m00.0s

running (11m50.0s), 200/200 VUs, 1291188 complete and 0 interrupted iterations
run    [  85% ] 200/200 VUs  11m50.0s/14m00.0s

running (11m51.0s), 200/200 VUs, 1293187 complete and 0 interrupted iterations
run    [  85% ] 200/200 VUs  11m51.0s/14m00.0s

running (11m52.0s), 200/200 VUs, 1295187 complete and 0 interrupted iterations
run    [  85% ] 200/200 VUs  11m52.0s/14m00.0s

running (11m53.0s), 200/200 VUs, 1297184 complete and 0 interrupted iterations
run    [  85% ] 200/200 VUs  11m53.0s/14m00.0s

running (11m54.0s), 200/200 VUs, 1299174 complete and 0 interrupted iterations
run    [  85% ] 200/200 VUs  11m54.0s/14m00.0s

running (11m55.0s), 200/200 VUs, 1301173 complete and 0 interrupted iterations
run    [  85% ] 200/200 VUs  11m55.0s/14m00.0s

running (11m56.0s), 200/200 VUs, 1303173 complete and 0 interrupted iterations
run    [  85% ] 200/200 VUs  11m56.0s/14m00.0s

running (11m57.0s), 200/200 VUs, 1305173 complete and 0 interrupted iterations
run    [  85% ] 200/200 VUs  11m57.0s/14m00.0s

running (11m58.0s), 200/200 VUs, 1307171 complete and 0 interrupted iterations
run    [  85% ] 200/200 VUs  11m58.0s/14m00.0s

running (11m59.0s), 200/200 VUs, 1309147 complete and 0 interrupted iterations
run    [  86% ] 200/200 VUs  11m59.0s/14m00.0s

running (12m00.0s), 200/200 VUs, 1311147 complete and 0 interrupted iterations
run    [  86% ] 200/200 VUs  12m00.0s/14m00.0s

running (12m01.0s), 199/200 VUs, 1313144 complete and 0 interrupted iterations
run    [  86% ] 199/200 VUs  12m01.0s/14m00.0s

running (12m02.0s), 197/200 VUs, 1315126 complete and 0 interrupted iterations
run    [  86% ] 197/200 VUs  12m02.0s/14m00.0s

running (12m03.0s), 196/200 VUs, 1317061 complete and 0 interrupted iterations
run    [  86% ] 196/200 VUs  12m03.0s/14m00.0s

running (12m04.0s), 194/200 VUs, 1318998 complete and 0 interrupted iterations
run    [  86% ] 194/200 VUs  12m04.0s/14m00.0s

running (12m05.0s), 192/200 VUs, 1320886 complete and 0 interrupted iterations
run    [  86% ] 192/200 VUs  12m05.0s/14m00.0s

running (12m06.0s), 191/200 VUs, 1322760 complete and 0 interrupted iterations
run    [  86% ] 191/200 VUs  12m06.0s/14m00.0s

running (12m07.0s), 189/200 VUs, 1324628 complete and 0 interrupted iterations
run    [  87% ] 189/200 VUs  12m07.0s/14m00.0s

running (12m08.0s), 187/200 VUs, 1326511 complete and 0 interrupted iterations
run    [  87% ] 187/200 VUs  12m08.0s/14m00.0s

running (12m09.0s), 186/200 VUs, 1328376 complete and 0 interrupted iterations
run    [  87% ] 186/200 VUs  12m09.0s/14m00.0s

running (12m10.0s), 184/200 VUs, 1330224 complete and 0 interrupted iterations
run    [  87% ] 184/200 VUs  12m10.0s/14m00.0s

running (12m11.0s), 182/200 VUs, 1332056 complete and 0 interrupted iterations
run    [  87% ] 182/200 VUs  12m11.0s/14m00.0s

running (12m12.0s), 181/200 VUs, 1333871 complete and 0 interrupted iterations
run    [  87% ] 181/200 VUs  12m12.0s/14m00.0s

running (12m13.0s), 179/200 VUs, 1335669 complete and 0 interrupted iterations
run    [  87% ] 179/200 VUs  12m13.0s/14m00.0s

running (12m14.0s), 177/200 VUs, 1337444 complete and 0 interrupted iterations
run    [  87% ] 177/200 VUs  12m14.0s/14m00.0s

running (12m15.0s), 176/200 VUs, 1339183 complete and 0 interrupted iterations
run    [  87% ] 176/200 VUs  12m15.0s/14m00.0s

running (12m16.0s), 174/200 VUs, 1340930 complete and 0 interrupted iterations
run    [  88% ] 174/200 VUs  12m16.0s/14m00.0s

running (12m17.0s), 172/200 VUs, 1342662 complete and 0 interrupted iterations
run    [  88% ] 172/200 VUs  12m17.0s/14m00.0s

running (12m18.0s), 171/200 VUs, 1344377 complete and 0 interrupted iterations
run    [  88% ] 171/200 VUs  12m18.0s/14m00.0s

running (12m19.0s), 169/200 VUs, 1346075 complete and 0 interrupted iterations
run    [  88% ] 169/200 VUs  12m19.0s/14m00.0s

running (12m20.0s), 167/200 VUs, 1347757 complete and 0 interrupted iterations
run    [  88% ] 167/200 VUs  12m20.0s/14m00.0s

running (12m21.0s), 166/200 VUs, 1349422 complete and 0 interrupted iterations
run    [  88% ] 166/200 VUs  12m21.0s/14m00.0s

running (12m22.0s), 164/200 VUs, 1351070 complete and 0 interrupted iterations
run    [  88% ] 164/200 VUs  12m22.0s/14m00.0s

running (12m23.0s), 162/200 VUs, 1352702 complete and 0 interrupted iterations
run    [  88% ] 162/200 VUs  12m23.0s/14m00.0s

running (12m24.0s), 161/200 VUs, 1354317 complete and 0 interrupted iterations
run    [  89% ] 161/200 VUs  12m24.0s/14m00.0s

running (12m25.0s), 159/200 VUs, 1355911 complete and 0 interrupted iterations
run    [  89% ] 159/200 VUs  12m25.0s/14m00.0s

running (12m26.0s), 157/200 VUs, 1357477 complete and 0 interrupted iterations
run    [  89% ] 157/200 VUs  12m26.0s/14m00.0s

running (12m27.0s), 156/200 VUs, 1359006 complete and 0 interrupted iterations
run    [  89% ] 156/200 VUs  12m27.0s/14m00.0s

running (12m28.0s), 154/200 VUs, 1360536 complete and 0 interrupted iterations
run    [  89% ] 154/200 VUs  12m28.0s/14m00.0s

running (12m29.0s), 152/200 VUs, 1362042 complete and 0 interrupted iterations
run    [  89% ] 152/200 VUs  12m29.0s/14m00.0s

running (12m30.0s), 151/200 VUs, 1363551 complete and 0 interrupted iterations
run    [  89% ] 151/200 VUs  12m30.0s/14m00.0s

running (12m31.0s), 149/200 VUs, 1365043 complete and 0 interrupted iterations
run    [  89% ] 149/200 VUs  12m31.0s/14m00.0s

running (12m32.0s), 147/200 VUs, 1366523 complete and 0 interrupted iterations
run    [  90% ] 147/200 VUs  12m32.0s/14m00.0s

running (12m33.0s), 146/200 VUs, 1367985 complete and 0 interrupted iterations
run    [  90% ] 146/200 VUs  12m33.0s/14m00.0s

running (12m34.0s), 144/200 VUs, 1369432 complete and 0 interrupted iterations
run    [  90% ] 144/200 VUs  12m34.0s/14m00.0s

running (12m35.0s), 142/200 VUs, 1370864 complete and 0 interrupted iterations
run    [  90% ] 142/200 VUs  12m35.0s/14m00.0s

running (12m36.0s), 141/200 VUs, 1372279 complete and 0 interrupted iterations
run    [  90% ] 141/200 VUs  12m36.0s/14m00.0s

running (12m37.0s), 139/200 VUs, 1373677 complete and 0 interrupted iterations
run    [  90% ] 139/200 VUs  12m37.0s/14m00.0s

running (12m38.0s), 137/200 VUs, 1375059 complete and 0 interrupted iterations
run    [  90% ] 137/200 VUs  12m38.0s/14m00.0s

running (12m39.0s), 136/200 VUs, 1376424 complete and 0 interrupted iterations
run    [  90% ] 136/200 VUs  12m39.0s/14m00.0s

running (12m40.0s), 134/200 VUs, 1377763 complete and 0 interrupted iterations
run    [  90% ] 134/200 VUs  12m40.0s/14m00.0s

running (12m41.0s), 132/200 VUs, 1379075 complete and 0 interrupted iterations
run    [  91% ] 132/200 VUs  12m41.0s/14m00.0s

running (12m42.0s), 131/200 VUs, 1380380 complete and 0 interrupted iterations
run    [  91% ] 131/200 VUs  12m42.0s/14m00.0s

running (12m43.0s), 129/200 VUs, 1381662 complete and 0 interrupted iterations
run    [  91% ] 129/200 VUs  12m43.0s/14m00.0s

running (12m44.0s), 127/200 VUs, 1382921 complete and 0 interrupted iterations
run    [  91% ] 127/200 VUs  12m44.0s/14m00.0s

running (12m45.0s), 126/200 VUs, 1384170 complete and 0 interrupted iterations
run    [  91% ] 126/200 VUs  12m45.0s/14m00.0s

running (12m46.0s), 124/200 VUs, 1385397 complete and 0 interrupted iterations
run    [  91% ] 124/200 VUs  12m46.0s/14m00.0s

running (12m47.0s), 122/200 VUs, 1386626 complete and 0 interrupted iterations
run    [  91% ] 122/200 VUs  12m47.0s/14m00.0s

running (12m48.0s), 121/200 VUs, 1387841 complete and 0 interrupted iterations
run    [  91% ] 121/200 VUs  12m48.0s/14m00.0s

running (12m49.0s), 119/200 VUs, 1389039 complete and 0 interrupted iterations
run    [  92% ] 119/200 VUs  12m49.0s/14m00.0s

running (12m50.0s), 117/200 VUs, 1390221 complete and 0 interrupted iterations
run    [  92% ] 117/200 VUs  12m50.0s/14m00.0s

running (12m51.0s), 116/200 VUs, 1391385 complete and 0 interrupted iterations
run    [  92% ] 116/200 VUs  12m51.0s/14m00.0s

running (12m52.0s), 114/200 VUs, 1392531 complete and 0 interrupted iterations
run    [  92% ] 114/200 VUs  12m52.0s/14m00.0s

running (12m53.0s), 112/200 VUs, 1393661 complete and 0 interrupted iterations
run    [  92% ] 112/200 VUs  12m53.0s/14m00.0s

running (12m54.0s), 111/200 VUs, 1394776 complete and 0 interrupted iterations
run    [  92% ] 111/200 VUs  12m54.0s/14m00.0s

running (12m55.0s), 109/200 VUs, 1395874 complete and 0 interrupted iterations
run    [  92% ] 109/200 VUs  12m55.0s/14m00.0s

running (12m56.0s), 107/200 VUs, 1396955 complete and 0 interrupted iterations
run    [  92% ] 107/200 VUs  12m56.0s/14m00.0s

running (12m57.0s), 106/200 VUs, 1398020 complete and 0 interrupted iterations
run    [  92% ] 106/200 VUs  12m57.0s/14m00.0s

running (12m58.0s), 104/200 VUs, 1399068 complete and 0 interrupted iterations
run    [  93% ] 104/200 VUs  12m58.0s/14m00.0s

running (12m59.0s), 102/200 VUs, 1400100 complete and 0 interrupted iterations
run    [  93% ] 102/200 VUs  12m59.0s/14m00.0s

running (13m00.0s), 101/200 VUs, 1401094 complete and 0 interrupted iterations
run    [  93% ] 101/200 VUs  13m00.0s/14m00.0s

running (13m01.0s), 099/200 VUs, 1402092 complete and 0 interrupted iterations
run    [  93% ] 099/200 VUs  13m01.0s/14m00.0s

running (13m02.0s), 097/200 VUs, 1403074 complete and 0 interrupted iterations
run    [  93% ] 097/200 VUs  13m02.0s/14m00.0s

running (13m03.0s), 096/200 VUs, 1404039 complete and 0 interrupted iterations
run    [  93% ] 096/200 VUs  13m03.0s/14m00.0s

running (13m04.0s), 094/200 VUs, 1404929 complete and 0 interrupted iterations
run    [  93% ] 094/200 VUs  13m04.0s/14m00.0s

running (13m05.0s), 092/200 VUs, 1405861 complete and 0 interrupted iterations
run    [  93% ] 092/200 VUs  13m05.0s/14m00.0s

running (13m06.0s), 091/200 VUs, 1406774 complete and 0 interrupted iterations
run    [  94% ] 091/200 VUs  13m06.0s/14m00.0s

running (13m07.0s), 089/200 VUs, 1407672 complete and 0 interrupted iterations
run    [  94% ] 089/200 VUs  13m07.0s/14m00.0s

running (13m08.0s), 087/200 VUs, 1408554 complete and 0 interrupted iterations
run    [  94% ] 087/200 VUs  13m08.0s/14m00.0s

running (13m09.0s), 086/200 VUs, 1409419 complete and 0 interrupted iterations
run    [  94% ] 086/200 VUs  13m09.0s/14m00.0s

running (13m10.0s), 084/200 VUs, 1410265 complete and 0 interrupted iterations
run    [  94% ] 084/200 VUs  13m10.0s/14m00.0s

running (13m11.0s), 082/200 VUs, 1411093 complete and 0 interrupted iterations
run    [  94% ] 082/200 VUs  13m11.0s/14m00.0s

running (13m12.0s), 081/200 VUs, 1411906 complete and 0 interrupted iterations
run    [  94% ] 081/200 VUs  13m12.0s/14m00.0s

running (13m13.0s), 079/200 VUs, 1412704 complete and 0 interrupted iterations
run    [  94% ] 079/200 VUs  13m13.0s/14m00.0s

running (13m14.0s), 077/200 VUs, 1413469 complete and 0 interrupted iterations
run    [  95% ] 077/200 VUs  13m14.0s/14m00.0s

running (13m15.0s), 076/200 VUs, 1414234 complete and 0 interrupted iterations
run    [  95% ] 076/200 VUs  13m15.0s/14m00.0s

running (13m16.0s), 074/200 VUs, 1414981 complete and 0 interrupted iterations
run    [  95% ] 074/200 VUs  13m16.0s/14m00.0s

running (13m17.0s), 072/200 VUs, 1415682 complete and 0 interrupted iterations
run    [  95% ] 072/200 VUs  13m17.0s/14m00.0s

running (13m18.0s), 071/200 VUs, 1416392 complete and 0 interrupted iterations
run    [  95% ] 071/200 VUs  13m18.0s/14m00.0s

running (13m19.0s), 069/200 VUs, 1417090 complete and 0 interrupted iterations
run    [  95% ] 069/200 VUs  13m19.0s/14m00.0s

running (13m20.0s), 067/200 VUs, 1417772 complete and 0 interrupted iterations
run    [  95% ] 067/200 VUs  13m20.0s/14m00.0s

running (13m21.0s), 066/200 VUs, 1418436 complete and 0 interrupted iterations
run    [  95% ] 066/200 VUs  13m21.0s/14m00.0s

running (13m22.0s), 064/200 VUs, 1419078 complete and 0 interrupted iterations
run    [  95% ] 064/200 VUs  13m22.0s/14m00.0s

running (13m23.0s), 062/200 VUs, 1419706 complete and 0 interrupted iterations
run    [  96% ] 062/200 VUs  13m23.0s/14m00.0s

running (13m24.0s), 061/200 VUs, 1420321 complete and 0 interrupted iterations
run    [  96% ] 061/200 VUs  13m24.0s/14m00.0s

running (13m25.0s), 059/200 VUs, 1420919 complete and 0 interrupted iterations
run    [  96% ] 059/200 VUs  13m25.0s/14m00.0s

running (13m26.0s), 057/200 VUs, 1421501 complete and 0 interrupted iterations
run    [  96% ] 057/200 VUs  13m26.0s/14m00.0s

running (13m27.0s), 056/200 VUs, 1422066 complete and 0 interrupted iterations
run    [  96% ] 056/200 VUs  13m27.0s/14m00.0s

running (13m28.0s), 054/200 VUs, 1422613 complete and 0 interrupted iterations
run    [  96% ] 054/200 VUs  13m28.0s/14m00.0s

running (13m29.0s), 052/200 VUs, 1423145 complete and 0 interrupted iterations
run    [  96% ] 052/200 VUs  13m29.0s/14m00.0s

running (13m30.0s), 051/200 VUs, 1423660 complete and 0 interrupted iterations
run    [  96% ] 051/200 VUs  13m30.0s/14m00.0s

running (13m31.0s), 049/200 VUs, 1424127 complete and 0 interrupted iterations
run    [  97% ] 049/200 VUs  13m31.0s/14m00.0s

running (13m32.0s), 047/200 VUs, 1424610 complete and 0 interrupted iterations
run    [  97% ] 047/200 VUs  13m32.0s/14m00.0s

running (13m33.0s), 046/200 VUs, 1425075 complete and 0 interrupted iterations
run    [  97% ] 046/200 VUs  13m33.0s/14m00.0s

running (13m34.0s), 044/200 VUs, 1425511 complete and 0 interrupted iterations
run    [  97% ] 044/200 VUs  13m34.0s/14m00.0s

running (13m35.0s), 042/200 VUs, 1425942 complete and 0 interrupted iterations
run    [  97% ] 042/200 VUs  13m35.0s/14m00.0s

running (13m36.0s), 041/200 VUs, 1426355 complete and 0 interrupted iterations
run    [  97% ] 041/200 VUs  13m36.0s/14m00.0s

running (13m37.0s), 039/200 VUs, 1426753 complete and 0 interrupted iterations
run    [  97% ] 039/200 VUs  13m37.0s/14m00.0s

running (13m38.0s), 037/200 VUs, 1427135 complete and 0 interrupted iterations
run    [  97% ] 037/200 VUs  13m38.0s/14m00.0s

running (13m39.0s), 036/200 VUs, 1427500 complete and 0 interrupted iterations
run    [  97% ] 036/200 VUs  13m39.0s/14m00.0s

running (13m40.0s), 034/200 VUs, 1427848 complete and 0 interrupted iterations
run    [  98% ] 034/200 VUs  13m40.0s/14m00.0s

running (13m41.0s), 032/200 VUs, 1428180 complete and 0 interrupted iterations
run    [  98% ] 032/200 VUs  13m41.0s/14m00.0s

running (13m42.0s), 031/200 VUs, 1428495 complete and 0 interrupted iterations
run    [  98% ] 031/200 VUs  13m42.0s/14m00.0s

running (13m43.0s), 029/200 VUs, 1428793 complete and 0 interrupted iterations
run    [  98% ] 029/200 VUs  13m43.0s/14m00.0s

running (13m44.0s), 027/200 VUs, 1429075 complete and 0 interrupted iterations
run    [  98% ] 027/200 VUs  13m44.0s/14m00.0s

running (13m45.0s), 026/200 VUs, 1429340 complete and 0 interrupted iterations
run    [  98% ] 026/200 VUs  13m45.0s/14m00.0s

running (13m46.0s), 024/200 VUs, 1429588 complete and 0 interrupted iterations
run    [  98% ] 024/200 VUs  13m46.0s/14m00.0s

running (13m47.0s), 022/200 VUs, 1429820 complete and 0 interrupted iterations
run    [  98% ] 022/200 VUs  13m47.0s/14m00.0s

running (13m48.0s), 021/200 VUs, 1430030 complete and 0 interrupted iterations
run    [  99% ] 021/200 VUs  13m48.0s/14m00.0s

running (13m49.0s), 019/200 VUs, 1430227 complete and 0 interrupted iterations
run    [  99% ] 019/200 VUs  13m49.0s/14m00.0s

running (13m50.0s), 017/200 VUs, 1430402 complete and 0 interrupted iterations
run    [  99% ] 017/200 VUs  13m50.0s/14m00.0s

running (13m51.0s), 016/200 VUs, 1430566 complete and 0 interrupted iterations
run    [  99% ] 016/200 VUs  13m51.0s/14m00.0s

running (13m52.0s), 014/200 VUs, 1430715 complete and 0 interrupted iterations
run    [  99% ] 014/200 VUs  13m52.0s/14m00.0s

running (13m53.0s), 012/200 VUs, 1430848 complete and 0 interrupted iterations
run    [  99% ] 012/200 VUs  13m53.0s/14m00.0s

running (13m54.0s), 011/200 VUs, 1430962 complete and 0 interrupted iterations
run    [  99% ] 011/200 VUs  13m54.0s/14m00.0s

running (13m55.0s), 009/200 VUs, 1431060 complete and 0 interrupted iterations
run    [  99% ] 009/200 VUs  13m55.0s/14m00.0s

running (13m56.0s), 007/200 VUs, 1431143 complete and 0 interrupted iterations
run    [ 100% ] 007/200 VUs  13m56.0s/14m00.0s

running (13m57.0s), 006/200 VUs, 1431208 complete and 0 interrupted iterations
run    [ 100% ] 006/200 VUs  13m57.0s/14m00.0s

running (13m58.0s), 004/200 VUs, 1431256 complete and 0 interrupted iterations
run    [ 100% ] 004/200 VUs  13m58.0s/14m00.0s

running (13m59.0s), 002/200 VUs, 1431288 complete and 0 interrupted iterations
run    [ 100% ] 002/200 VUs  13m59.0s/14m00.0s

running (14m00.0s), 001/200 VUs, 1431303 complete and 0 interrupted iterations
run    [ 100% ] 001/200 VUs  14m00.0s/14m00.0s
{
  "escenario": "load",
  "peticiones": 1431304,
  "p95_ms": 1,
  "resultado_negocio_incorrecto": 0
}
running (14m00.0s), 000/200 VUs, 1431304 complete and 0 interrupted iterations
run  ✓ [ 100% ] 000/200 VUs  14m0s
